Episodio,Recompensa_Acumulada
1,-722
2,-722
3,-704
4,-713
5,-650
6,-767
7,-695
8,-353
9,-605
10,-749
11,-767
12,-308
13,-722
14,-452
15,-245
16,-668
17,-452
18,-470
19,-425
20,-263
21,-461
22,-722
23,-443
24,-443
25,-281
26,-353
27,-740
28,-425
29,-398
30,-236
31,-290
32,-13
33,-335
34,-281
35,-263
36,-299
37,-344
38,-195
39,-353
40,-272
41,-317
42,-227
43,-21
44,-281
45,-231
46,-263
47,-236
48,-263
49,-380
50,-317
51,-158
52,-88
53,-236
54,-335
55,-299
56,-263
57,-443
58,-290
59,-317
60,-177
61,-281
62,-254
63,-272
64,-144
65,-281
66,-272
67,-233
68,-258
69,-272
70,-407
71,-236
72,-263
73,-281
74,-245
75,-185
76,-446
77,-174
78,-236
79,-92
80,-281
81,-290
82,-272
83,-254
84,-299
85,-344
86,-119
87,-132
88,-245
89,-272
90,-263
91,-123
92,-407
93,-335
94,-62
95,-497
96,-299
97,-290
98,-227
99,-317
100,-398
101,-11
102,-91
103,-308
104,-281
105,-177
106,-371
107,-127
108,-281
109,-254
110,-115
111,-236
112,-77
113,-245
114,-425
115,-452
116,-362
117,-272
118,-194
119,-344
120,-272
121,-267
122,-196
123,-263
124,-335
125,-380
126,-153
127,-234
128,-227
129,-317
130,-172
131,-308
132,-236
133,-289
134,-102
135,-158
136,-237
137,-443
138,-127
139,-81
140,-299
141,-227
142,-299
143,-308
144,-380
145,-135
146,-362
147,-100
148,-212
149,-54
150,-254
151,-335
152,-76
153,-184
154,-263
155,-290
156,-244
157,-183
158,-272
159,-299
160,-158
161,-149
162,-142
163,-171
164,-27
165,-114
166,-76
167,-201
168,-213
169,-93
170,-272
171,-281
172,-263
173,-1
174,-344
175,-299
176,-202
177,-335
178,-272
179,-106
180,-185
181,-344
182,-317
183,-216
184,-100
185,-148
186,-154
187,-353
188,-263
189,-407
190,-80
191,-263
192,-308
193,-12
194,-290
195,-335
196,-398
197,-232
198,-97
199,-75
200,14
201,-81
202,-313
203,-281
204,-98
205,-10
206,-126
207,-158
208,-110
209,-290
210,-239
211,-263
212,-158
213,-254
214,-24
215,-124
216,-214
217,-72
218,-254
219,-184
220,-145
221,-213
222,-91
223,-164
224,-17
225,-135
226,-299
227,-127
228,-117
229,-228
230,-294
231,-134
232,-317
233,-272
234,-65
235,-326
236,-83
237,-181
238,-162
239,-245
240,-245
241,-39
242,-83
243,-199
244,-164
245,-124
246,-191
247,-40
248,-197
249,-317
250,-49
251,-326
252,-136
253,-62
254,-402
255,-317
256,-308
257,-290
258,-8
259,-174
260,-205
261,-204
262,-362
263,-30
264,-173
265,-68
266,-222
267,-94
268,-145
269,-233
270,-273
271,-172
272,-263
273,-158
274,-214
275,-282
276,-121
277,-96
278,-220
279,-48
280,-124
281,12
282,-236
283,0
284,-170
285,-151
286,-112
287,-95
288,-281
289,-99
290,-132
291,-64
292,-252
293,-19
294,-13
295,-117
296,-184
297,-110
298,-100
299,-234
300,-153
301,-7
302,-158
303,-14
304,-47
305,-122
306,-161
307,-308
308,-67
309,-6
310,-41
311,-389
312,-290
313,-67
314,-398
315,-126
316,11
317,-128
318,-20
319,-155
320,2
321,-252
322,-59
323,-187
324,-6
325,-24
326,-27
327,-139
328,-1
329,-204
330,-317
331,-272
332,-317
333,-176
334,-263
335,-85
336,-280
337,-290
338,-54
339,-162
340,-46
341,-38
342,-317
343,3
344,-281
345,-290
346,-281
347,-240
348,-35
349,-25
350,-129
351,-192
352,-200
353,-74
354,-188
355,-53
356,-60
357,-208
358,-139
359,-33
360,4
361,-197
362,-148
363,-207
364,-335
365,-70
366,-272
367,-344
368,-124
369,-166
370,-214
371,-259
372,-160
373,1
374,-107
375,-161
376,10
377,5
378,-272
379,12
380,14
381,-235
382,-67
383,-45
384,-259
385,-108
386,-190
387,8
388,-182
389,-194
390,-166
391,-191
392,1
393,-127
394,-96
395,-116
396,-55
397,-49
398,-22
399,-344
400,-50
401,-285
402,3
403,-46
404,-52
405,-290
406,-220
407,-18
408,-212
409,15
410,-28
411,-99
412,-23
413,-49
414,-18
415,-98
416,-157
417,-82
418,-181
419,-51
420,10
421,-129
422,-211
423,-25
424,-219
425,-102
426,0
427,-299
428,-57
429,-217
430,-106
431,-111
432,-32
433,3
434,-9
435,7
436,-95
437,11
438,-272
439,-216
440,-41
441,3
442,-193
443,-199
444,-80
445,-26
446,-119
447,-16
448,-2
449,-176
450,-165
451,-3
452,-293
453,-241
454,-224
455,-124
456,-137
457,-19
458,-115
459,-27
460,-60
461,-60
462,-19
463,12
464,-7
465,-7
466,-120
467,-116
468,2
469,-191
470,-2
471,-228
472,-70
473,-104
474,-163
475,-5
476,-115
477,-28
478,-137
479,-158
480,3
481,-129
482,-10
483,-159
484,15
485,-22
486,-21
487,-149
488,-63
489,-208
490,15
491,-31
492,-201
493,-86
494,-6
495,-121
496,12
497,-97
498,-14
499,-43
500,5
501,-12
502,-254
503,-15
504,-64
505,-72
506,-91
507,-26
508,-98
509,-233
510,-107
511,-222
512,-75
513,-96
514,-220
515,10
516,-53
517,-76
518,-58
519,-150
520,11
521,-8
522,-89
523,-116
524,-32
525,-17
526,-176
527,-92
528,-122
529,13
530,-152
531,-245
532,-70
533,-24
534,-25
535,-162
536,-138
537,-27
538,-34
539,10
540,-42
541,-38
542,-67
543,-92
544,-169
545,-196
546,-235
547,-52
548,-28
549,-24
550,-131
551,-7
552,13
553,-30
554,-281
555,-223
556,-184
557,7
558,-166
559,7
560,-65
561,-93
562,10
563,-344
564,-50
565,0
566,-23
567,8
568,-67
569,-2
570,-73
571,-46
572,11
573,-68
574,-48
575,-7
576,-17
577,-28
578,-116
579,-84
580,-35
581,13
582,-21
583,-132
584,-117
585,-31
586,-83
587,-52
588,-61
589,-130
590,13
591,-5
592,-8
593,-66
594,-116
595,-147
596,-61
597,-184
598,-42
599,-9
600,-122
601,-159
602,13
603,-91
604,-54
605,-79
606,-24
607,-14
608,-63
609,-44
610,-30
611,-35
612,-89
613,-50
614,-64
615,-308
616,-94
617,11
618,-114
619,11
620,-36
621,14
622,-16
623,-214
624,-213
625,-1
626,-176
627,6
628,14
629,10
630,-61
631,10
632,-3
633,-103
634,13
635,-48
636,-3
637,3
638,-16
639,-6
640,-135
641,1
642,-121
643,-192
644,0
645,-146
646,-28
647,-26
648,-60
649,-84
650,-95
651,-200
652,-57
653,-24
654,-5
655,-178
656,-4
657,2
658,-195
659,-28
660,-34
661,0
662,-103
663,11
664,1
665,-128
666,12
667,-110
668,-20
669,11
670,12
671,-3
672,1
673,-81
674,-3
675,-49
676,-42
677,-32
678,-117
679,-53
680,-70
681,-20
682,-32
683,-1
684,-36
685,-54
686,12
687,-47
688,-2
689,8
690,-33
691,-328
692,-34
693,-248
694,-76
695,-94
696,12
697,-50
698,-5
699,-4
700,-7
701,-58
702,-37
703,-26
704,-42
705,-91
706,-75
707,8
708,-55
709,-67
710,-18
711,3
712,6
713,-79
714,-42
715,-56
716,-90
717,-28
718,5
719,-70
720,-20
721,-84
722,-88
723,-50
724,10
725,-22
726,-17
727,-61
728,10
729,13
730,-56
731,-2
732,7
733,-9
734,-73
735,-45
736,-75
737,10
738,-32
739,-3
740,-2
741,-32
742,-35
743,-95
744,-8
745,14
746,-143
747,-61
748,-25
749,-55
750,10
751,-46
752,-31
753,7
754,-16
755,-56
756,-22
757,-38
758,-125
759,-95
760,-1
761,-226
762,-20
763,-6
764,-9
765,-56
766,-18
767,11
768,-26
769,-27
770,-70
771,-93
772,-18
773,-55
774,-15
775,-12
776,-19
777,10
778,-98
779,-2
780,-6
781,14
782,1
783,-79
784,-14
785,1
786,-45
787,-20
788,-5
789,-74
790,-25
791,-69
792,-19
793,-14
794,-7
795,-24
796,-5
797,2
798,-7
799,-17
800,-68
801,-46
802,-153
803,12
804,-93
805,-49
806,-1
807,-8
808,-35
809,5
810,-95
811,15
812,-34
813,-49
814,1
815,-53
816,-26
817,-6
818,10
819,0
820,-99
821,-27
822,-32
823,-26
824,-88
825,-50
826,-75
827,-110
828,-8
829,9
830,13
831,-17
832,13
833,8
834,-102
835,-14
836,-55
837,-5
838,-22
839,-81
840,11
841,-1
842,-72
843,-14
844,-25
845,-33
846,-31
847,-32
848,-26
849,-228
850,-148
851,8
852,-16
853,-12
854,-28
855,-12
856,11
857,-113
858,-19
859,-10
860,5
861,-7
862,-65
863,-61
864,13
865,-27
866,1
867,-9
868,-16
869,4
870,-86
871,9
872,0
873,-8
874,-71
875,12
876,-50
877,-151
878,-13
879,-16
880,-14
881,12
882,10
883,-12
884,-31
885,-17
886,-25
887,10
888,-89
889,-19
890,1
891,-70
892,-1
893,-116
894,-54
895,-2
896,-42
897,-37
898,8
899,9
900,-12
901,14
902,-3
903,-9
904,-14
905,-2
906,-37
907,6
908,-28
909,9
910,2
911,-8
912,2
913,11
914,1
915,2
916,0
917,10
918,-111
919,-15
920,4
921,8
922,-20
923,11
924,-6
925,8
926,-21
927,3
928,-3
929,-22
930,-76
931,-103
932,-5
933,2
934,-60
935,-10
936,6
937,-114
938,1
939,3
940,1
941,-4
942,4
943,-48
944,-25
945,5
946,2
947,-14
948,3
949,-73
950,11
951,1
952,9
953,11
954,-1
955,0
956,-16
957,9
958,5
959,1
960,8
961,8
962,10
963,7
964,4
965,-2
966,12
967,-11
968,-6
969,10
970,10
971,-27
972,-28
973,6
974,-19
975,-17
976,-27
977,-24
978,-42
979,1
980,9
981,-13
982,1
983,-31
984,2
985,13
986,9
987,5
988,15
989,-14
990,-50
991,-8
992,11
993,-30
994,-17
995,8
996,7
997,-6
998,10
999,-29
1000,7
1001,-45
1002,9
1003,-6
1004,2
1005,-21
1006,-73
1007,2
1008,-5
1009,10
1010,14
1011,-24
1012,-3
1013,-3
1014,-58
1015,0
1016,-26
1017,5
1018,7
1019,-39
1020,10
1021,-1
1022,-6
1023,10
1024,-61
1025,-14
1026,-36
1027,-40
1028,-50
1029,-18
1030,4
1031,7
1032,-70
1033,10
1034,-16
1035,10
1036,-23
1037,10
1038,-31
1039,-18
1040,-18
1041,-7
1042,-17
1043,12
1044,-47
1045,-78
1046,0
1047,-88
1048,-13
1049,-9
1050,-57
1051,7
1052,-2
1053,-185
1054,10
1055,-21
1056,-43
1057,-3
1058,-13
1059,10
1060,-14
1061,-88
1062,-6
1063,8
1064,-25
1065,-3
1066,-38
1067,12
1068,-3
1069,12
1070,2
1071,-1
1072,11
1073,-2
1074,-124
1075,-11
1076,-19
1077,-74
1078,4
1079,-22
1080,-2
1081,-2
1082,2
1083,-1
1084,11
1085,10
1086,-22
1087,-26
1088,10
1089,6
1090,-7
1091,5
1092,12
1093,-24
1094,6
1095,0
1096,1
1097,-12
1098,-6
1099,-14
1100,6
1101,-23
1102,1
1103,-19
1104,1
1105,-50
1106,-28
1107,-5
1108,10
1109,-32
1110,-9
1111,-70
1112,2
1113,-7
1114,0
1115,5
1116,-6
1117,-85
1118,-3
1119,4
1120,-1
1121,8
1122,10
1123,-21
1124,-64
1125,-52
1126,8
1127,-92
1128,-6
1129,-3
1130,-14
1131,10
1132,-20
1133,-19
1134,10
1135,14
1136,-62
1137,-36
1138,13
1139,-16
1140,-10
1141,5
1142,7
1143,10
1144,9
1145,-2
1146,0
1147,-12
1148,-12
1149,0
1150,-17
1151,-2
1152,6
1153,-56
1154,-5
1155,0
1156,-8
1157,10
1158,9
1159,-10
1160,-25
1161,-18
1162,11
1163,-2
1164,-39
1165,-3
1166,2
1167,-31
1168,5
1169,-34
1170,8
1171,7
1172,6
1173,11
1174,-20
1175,11
1176,8
1177,-39
1178,-59
1179,-38
1180,-115
1181,7
1182,1
1183,9
1184,9
1185,7
1186,-5
1187,-3
1188,7
1189,-20
1190,-80
1191,-94
1192,-122
1193,6
1194,15
1195,-10
1196,14
1197,11
1198,12
1199,4
1200,2
1201,-3
1202,3
1203,-67
1204,14
1205,-7
1206,-23
1207,8
1208,-7
1209,-97
1210,-13
1211,11
1212,11
1213,5
1214,0
1215,9
1216,6
1217,0
1218,3
1219,7
1220,5
1221,-57
1222,7
1223,-28
1224,7
1225,-27
1226,-5
1227,11
1228,8
1229,-4
1230,-23
1231,8
1232,12
1233,1
1234,-11
1235,-3
1236,-17
1237,-12
1238,-19
1239,-7
1240,-55
1241,-29
1242,-54
1243,-8
1244,0
1245,-24
1246,12
1247,6
1248,11
1249,13
1250,3
1251,-7
1252,4
1253,14
1254,10
1255,-15
1256,10
1257,9
1258,-8
1259,-4
1260,3
1261,-12
1262,12
1263,-14
1264,10
1265,6
1266,6
1267,6
1268,4
1269,-15
1270,-12
1271,7
1272,4
1273,9
1274,-22
1275,0
1276,4
1277,7
1278,12
1279,-21
1280,9
1281,8
1282,-11
1283,-10
1284,12
1285,11
1286,-47
1287,8
1288,-3
1289,8
1290,-20
1291,-15
1292,-71
1293,-46
1294,-2
1295,11
1296,-11
1297,-23
1298,-1
1299,-10
1300,-34
1301,9
1302,-2
1303,3
1304,-13
1305,13
1306,9
1307,9
1308,12
1309,-3
1310,-51
1311,-14
1312,7
1313,-8
1314,7
1315,14
1316,-15
1317,11
1318,1
1319,-12
1320,-10
1321,-25
1322,-29
1323,9
1324,-10
1325,-30
1326,-17
1327,10
1328,1
1329,5
1330,8
1331,11
1332,-33
1333,2
1334,-2
1335,-3
1336,3
1337,-10
1338,7
1339,-20
1340,2
1341,13
1342,-12
1343,8
1344,-37
1345,-77
1346,-46
1347,5
1348,-13
1349,-21
1350,11
1351,10
1352,-2
1353,7
1354,-1
1355,9
1356,-31
1357,5
1358,-1
1359,-6
1360,0
1361,7
1362,1
1363,5
1364,-4
1365,8
1366,5
1367,7
1368,4
1369,3
1370,1
1371,-7
1372,12
1373,-30
1374,8
1375,-4
1376,11
1377,8
1378,8
1379,9
1380,-4
1381,8
1382,-1
1383,-58
1384,-6
1385,11
1386,0
1387,9
1388,-27
1389,-5
1390,7
1391,8
1392,-11
1393,-6
1394,-3
1395,3
1396,-62
1397,11
1398,9
1399,-3
1400,-1
1401,8
1402,4
1403,7
1404,-17
1405,8
1406,11
1407,-41
1408,-1
1409,-9
1410,10
1411,14
1412,-11
1413,13
1414,-2
1415,11
1416,6
1417,7
1418,-37
1419,7
1420,-1
1421,5
1422,-4
1423,-26
1424,5
1425,-39
1426,-14
1427,4
1428,3
1429,10
1430,-2
1431,-10
1432,-2
1433,10
1434,-19
1435,1
1436,-5
1437,-34
1438,8
1439,11
1440,-15
1441,-1
1442,11
1443,9
1444,-23
1445,7
1446,-27
1447,-4
1448,-19
1449,0
1450,11
1451,13
1452,10
1453,-86
1454,7
1455,14
1456,3
1457,7
1458,6
1459,9
1460,-7
1461,1
1462,8
1463,-62
1464,12
1465,-35
1466,0
1467,0
1468,-24
1469,4
1470,8
1471,7
1472,10
1473,-31
1474,-24
1475,12
1476,7
1477,9
1478,10
1479,7
1480,-7
1481,-9
1482,11
1483,10
1484,10
1485,2
1486,-4
1487,-40
1488,-6
1489,-16
1490,-20
1491,-21
1492,-1
1493,9
1494,7
1495,-63
1496,6
1497,6
1498,4
1499,10
1500,-32
1501,-13
1502,-4
1503,6
1504,7
1505,3
1506,-17
1507,6
1508,14
1509,-35
1510,-9
1511,11
1512,-15
1513,-12
1514,15
1515,-3
1516,14
1517,1
1518,-2
1519,2
1520,-19
1521,4
1522,8
1523,-5
1524,10
1525,9
1526,5
1527,-4
1528,9
1529,0
1530,-7
1531,10
1532,-27
1533,7
1534,-6
1535,-33
1536,-1
1537,-27
1538,4
1539,-4
1540,10
1541,8
1542,-12
1543,4
1544,0
1545,10
1546,6
1547,7
1548,-59
1549,2
1550,2
1551,9
1552,10
1553,-2
1554,3
1555,9
1556,-29
1557,13
1558,9
1559,-44
1560,-8
1561,14
1562,-7
1563,-4
1564,-19
1565,11
1566,-3
1567,12
1568,-27
1569,13
1570,-3
1571,-6
1572,10
1573,-1
1574,-18
1575,2
1576,3
1577,-9
1578,11
1579,7
1580,-4
1581,-4
1582,8
1583,9
1584,0
1585,7
1586,7
1587,11
1588,3
1589,-15
1590,5
1591,8
1592,2
1593,-33
1594,-5
1595,-38
1596,-27
1597,12
1598,-17
1599,8
1600,3
1601,-28
1602,-2
1603,7
1604,-14
1605,-25
1606,-11
1607,6
1608,-1
1609,14
1610,-13
1611,-21
1612,-10
1613,11
1614,10
1615,-14
1616,6
1617,8
1618,3
1619,5
1620,12
1621,-7
1622,-5
1623,12
1624,9
1625,-10
1626,-28
1627,9
1628,-5
1629,8
1630,-5
1631,9
1632,1
1633,-7
1634,-1
1635,9
1636,-7
1637,-3
1638,4
1639,1
1640,-15
1641,4
1642,8
1643,7
1644,8
1645,-5
1646,12
1647,9
1648,14
1649,7
1650,2
1651,11
1652,-6
1653,-4
1654,-4
1655,-17
1656,11
1657,5
1658,-1
1659,8
1660,8
1661,-17
1662,3
1663,10
1664,5
1665,-13
1666,9
1667,5
1668,8
1669,6
1670,10
1671,12
1672,7
1673,2
1674,-8
1675,-2
1676,-13
1677,8
1678,12
1679,-8
1680,6
1681,-32
1682,-27
1683,-2
1684,-6
1685,-3
1686,6
1687,14
1688,-11
1689,3
1690,8
1691,-1
1692,7
1693,10
1694,1
1695,-18
1696,-22
1697,-22
1698,-1
1699,-33
1700,13
1701,2
1702,10
1703,-7
1704,5
1705,0
1706,9
1707,6
1708,-5
1709,-6
1710,8
1711,2
1712,5
1713,6
1714,-27
1715,-17
1716,-21
1717,5
1718,-6
1719,1
1720,9
1721,4
1722,7
1723,2
1724,-27
1725,13
1726,0
1727,-1
1728,-3
1729,11
1730,5
1731,8
1732,-15
1733,12
1734,-13
1735,-1
1736,2
1737,8
1738,-6
1739,10
1740,9
1741,-3
1742,7
1743,3
1744,-1
1745,-2
1746,0
1747,6
1748,4
1749,8
1750,-23
1751,13
1752,-10
1753,-16
1754,10
1755,3
1756,7
1757,-5
1758,9
1759,-2
1760,-9
1761,-32
1762,0
1763,-7
1764,6
1765,-1
1766,12
1767,7
1768,2
1769,9
1770,11
1771,6
1772,13
1773,7
1774,11
1775,8
1776,-1
1777,-7
1778,2
1779,6
1780,8
1781,8
1782,-11
1783,5
1784,-2
1785,8
1786,-4
1787,9
1788,4
1789,6
1790,13
1791,4
1792,9
1793,3
1794,8
1795,9
1796,-5
1797,7
1798,-2
1799,-20
1800,10
1801,-8
1802,-33
1803,6
1804,10
1805,13
1806,8
1807,-6
1808,-2
1809,9
1810,10
1811,8
1812,-8
1813,-17
1814,-6
1815,8
1816,-1
1817,3
1818,-23
1819,4
1820,-1
1821,2
1822,-15
1823,6
1824,9
1825,-8
1826,5
1827,-49
1828,9
1829,-6
1830,-3
1831,8
1832,9
1833,-9
1834,10
1835,-12
1836,-5
1837,10
1838,0
1839,-7
1840,-65
1841,-5
1842,6
1843,6
1844,-8
1845,3
1846,10
1847,8
1848,7
1849,-9
1850,10
1851,6
1852,-2
1853,-19
1854,10
1855,14
1856,-11
1857,11
1858,8
1859,-25
1860,2
1861,-4
1862,9
1863,4
1864,9
1865,4
1866,7
1867,6
1868,14
1869,9
1870,11
1871,6
1872,1
1873,-40
1874,-6
1875,-1
1876,8
1877,1
1878,-1
1879,-10
1880,7
1881,0
1882,13
1883,5
1884,2
1885,-15
1886,10
1887,-7
1888,-13
1889,-11
1890,5
1891,0
1892,-13
1893,6
1894,-3
1895,-6
1896,5
1897,-1
1898,1
1899,5
1900,-14
1901,7
1902,-4
1903,-4
1904,9
1905,5
1906,11
1907,7
1908,9
1909,-7
1910,0
1911,-34
1912,-2
1913,-25
1914,11
1915,0
1916,3
1917,-4
1918,7
1919,-16
1920,4
1921,-3
1922,-12
1923,-30
1924,-28
1925,-7
1926,-21
1927,6
1928,14
1929,-41
1930,14
1931,-1
1932,-1
1933,10
1934,-7
1935,8
1936,-26
1937,9
1938,12
1939,8
1940,-6
1941,-36
1942,-14
1943,2
1944,-10
1945,6
1946,-2
1947,-1
1948,-9
1949,7
1950,6
1951,0
1952,-6
1953,8
1954,-8
1955,10
1956,8
1957,-1
1958,-6
1959,1
1960,8
1961,11
1962,-6
1963,7
1964,-3
1965,-2
1966,2
1967,12
1968,-19
1969,10
1970,-7
1971,4
1972,8
1973,8
1974,-6
1975,9
1976,-11
1977,-2
1978,-3
1979,-9
1980,9
1981,-6
1982,-3
1983,9
1984,-18
1985,15
1986,-14
1987,-3
1988,-4
1989,10
1990,5
1991,2
1992,-13
1993,-1
1994,5
1995,-1
1996,-1
1997,-3
1998,5
1999,11
2000,-7
2001,6
2002,8
2003,10
2004,14
2005,7
2006,-5
2007,-3
2008,-11
2009,-17
2010,-2
2011,9
2012,9
2013,9
2014,2
2015,3
2016,0
2017,-4
2018,-2
2019,1
2020,-5
2021,11
2022,8
2023,8
2024,7
2025,11
2026,11
2027,13
2028,2
2029,0
2030,10
2031,8
2032,-3
2033,-5
2034,-8
2035,-7
2036,2
2037,7
2038,-36
2039,-8
2040,11
2041,6
2042,-10
2043,0
2044,10
2045,7
2046,-4
2047,-19
2048,7
2049,7
2050,6
2051,-4
2052,-1
2053,12
2054,13
2055,13
2056,-9
2057,1
2058,-22
2059,6
2060,5
2061,6
2062,12
2063,5
2064,13
2065,-19
2066,9
2067,2
2068,4
2069,4
2070,11
2071,6
2072,6
2073,3
2074,8
2075,6
2076,-3
2077,0
2078,5
2079,-7
2080,-29
2081,8
2082,8
2083,-3
2084,11
2085,-5
2086,0
2087,-2
2088,0
2089,-1
2090,6
2091,9
2092,12
2093,14
2094,-8
2095,-22
2096,-36
2097,9
2098,3
2099,8
2100,-12
2101,2
2102,11
2103,7
2104,7
2105,3
2106,6
2107,8
2108,2
2109,8
2110,4
2111,9
2112,14
2113,-6
2114,10
2115,-3
2116,-5
2117,-9
2118,12
2119,6
2120,-3
2121,10
2122,8
2123,-5
2124,11
2125,11
2126,-12
2127,10
2128,6
2129,8
2130,14
2131,11
2132,-7
2133,-14
2134,0
2135,6
2136,6
2137,-9
2138,1
2139,7
2140,-30
2141,-7
2142,3
2143,6
2144,7
2145,-4
2146,10
2147,1
2148,6
2149,10
2150,-10
2151,-7
2152,8
2153,4
2154,-2
2155,7
2156,5
2157,-14
2158,-3
2159,2
2160,8
2161,-10
2162,-2
2163,8
2164,10
2165,7
2166,11
2167,-2
2168,7
2169,-10
2170,-1
2171,-1
2172,-5
2173,4
2174,11
2175,1
2176,-2
2177,11
2178,-9
2179,5
2180,8
2181,5
2182,3
2183,1
2184,10
2185,13
2186,3
2187,6
2188,7
2189,6
2190,11
2191,-2
2192,4
2193,11
2194,-7
2195,6
2196,6
2197,-12
2198,12
2199,-9
2200,8
2201,10
2202,7
2203,11
2204,11
2205,-13
2206,4
2207,2
2208,-27
2209,6
2210,0
2211,7
2212,7
2213,-4
2214,1
2215,10
2216,6
2217,-6
2218,5
2219,-1
2220,7
2221,11
2222,-16
2223,8
2224,9
2225,-15
2226,-6
2227,-10
2228,4
2229,-2
2230,-2
2231,-13
2232,6
2233,-5
2234,-1
2235,8
2236,-4
2237,6
2238,-4
2239,3
2240,3
2241,7
2242,-7
2243,-16
2244,4
2245,-8
2246,8
2247,4
2248,3
2249,6
2250,1
2251,13
2252,-25
2253,11
2254,-32
2255,5
2256,-3
2257,6
2258,-1
2259,8
2260,10
2261,11
2262,-4
2263,-14
2264,5
2265,3
2266,-2
2267,7
2268,10
2269,6
2270,-18
2271,-23
2272,1
2273,1
2274,-8
2275,1
2276,-21
2277,9
2278,8
2279,11
2280,-2
2281,2
2282,7
2283,7
2284,5
2285,10
2286,-21
2287,-7
2288,0
2289,9
2290,-15
2291,6
2292,10
2293,3
2294,-1
2295,-5
2296,-14
2297,-2
2298,-6
2299,10
2300,-8
2301,-2
2302,10
2303,6
2304,-1
2305,-9
2306,-2
2307,6
2308,6
2309,7
2310,-3
2311,10
2312,0
2313,7
2314,0
2315,6
2316,-13
2317,6
2318,12
2319,4
2320,3
2321,-10
2322,1
2323,2
2324,-6
2325,2
2326,11
2327,-5
2328,-4
2329,-7
2330,5
2331,12
2332,8
2333,-2
2334,3
2335,-5
2336,-8
2337,8
2338,9
2339,10
2340,-19
2341,10
2342,1
2343,-15
2344,5
2345,-3
2346,-10
2347,9
2348,12
2349,4
2350,-6
2351,2
2352,10
2353,7
2354,5
2355,6
2356,-1
2357,0
2358,4
2359,1
2360,7
2361,-18
2362,5
2363,10
2364,0
2365,14
2366,-5
2367,12
2368,8
2369,10
2370,1
2371,-10
2372,-16
2373,12
2374,-4
2375,-9
2376,-3
2377,-9
2378,1
2379,-7
2380,6
2381,-47
2382,7
2383,8
2384,8
2385,7
2386,0
2387,8
2388,-5
2389,13
2390,8
2391,8
2392,-17
2393,12
2394,9
2395,1
2396,4
2397,-15
2398,1
2399,9
2400,11
2401,-17
2402,-3
2403,7
2404,-13
2405,-2
2406,-7
2407,4
2408,9
2409,0
2410,-7
2411,3
2412,3
2413,-2
2414,2
2415,-4
2416,-8
2417,9
2418,-15
2419,9
2420,9
2421,1
2422,0
2423,-18
2424,7
2425,9
2426,9
2427,-3
2428,9
2429,-5
2430,6
2431,8
2432,2
2433,8
2434,-4
2435,-1
2436,5
2437,-3
2438,13
2439,-4
2440,11
2441,10
2442,2
2443,1
2444,0
2445,8
2446,-14
2447,8
2448,-5
2449,7
2450,-4
2451,-11
2452,6
2453,-13
2454,-3
2455,5
2456,14
2457,3
2458,-2
2459,14
2460,0
2461,4
2462,7
2463,14
2464,-3
2465,13
2466,7
2467,-6
2468,6
2469,10
2470,2
2471,-3
2472,8
2473,-5
2474,7
2475,-4
2476,6
2477,-1
2478,9
2479,9
2480,0
2481,-5
2482,-14
2483,2
2484,2
2485,12
2486,9
2487,7
2488,-9
2489,-16
2490,11
2491,2
2492,-5
2493,-2
2494,-4
2495,-5
2496,8
2497,-21
2498,-3
2499,-3
2500,7
2501,-17
2502,-3
2503,1
2504,4
2505,6
2506,-32
2507,0
2508,-15
2509,-4
2510,5
2511,1
2512,5
2513,2
2514,7
2515,5
2516,10
2517,3
2518,8
2519,4
2520,-5
2521,1
2522,-14
2523,-12
2524,-3
2525,-4
2526,-3
2527,-8
2528,0
2529,6
2530,3
2531,7
2532,-1
2533,-5
2534,2
2535,12
2536,9
2537,6
2538,-9
2539,-9
2540,-5
2541,8
2542,6
2543,10
2544,3
2545,9
2546,3
2547,7
2548,6
2549,-13
2550,10
2551,0
2552,3
2553,-3
2554,2
2555,-18
2556,3
2557,9
2558,-2
2559,9
2560,-3
2561,2
2562,10
2563,-1
2564,7
2565,2
2566,2
2567,10
2568,8
2569,10
2570,3
2571,-2
2572,5
2573,-11
2574,-6
2575,-4
2576,3
2577,1
2578,-3
2579,-12
2580,7
2581,9
2582,-6
2583,-6
2584,9
2585,-3
2586,8
2587,9
2588,4
2589,4
2590,-8
2591,-15
2592,5
2593,9
2594,4
2595,-14
2596,-7
2597,9
2598,-3
2599,10
2600,7
2601,6
2602,1
2603,6
2604,-29
2605,-3
2606,14
2607,4
2608,-4
2609,0
2610,1
2611,6
2612,7
2613,-7
2614,3
2615,-4
2616,4
2617,8
2618,7
2619,4
2620,0
2621,10
2622,-7
2623,4
2624,-2
2625,11
2626,2
2627,2
2628,5
2629,1
2630,10
2631,-3
2632,5
2633,1
2634,12
2635,7
2636,-1
2637,-18
2638,1
2639,3
2640,-7
2641,-3
2642,7
2643,11
2644,10
2645,14
2646,10
2647,-20
2648,9
2649,8
2650,10
2651,10
2652,10
2653,-4
2654,8
2655,-13
2656,11
2657,-12
2658,2
2659,6
2660,0
2661,2
2662,-6
2663,5
2664,-2
2665,6
2666,-2
2667,5
2668,4
2669,8
2670,8
2671,11
2672,13
2673,9
2674,-10
2675,-9
2676,14
2677,9
2678,6
2679,7
2680,-14
2681,6
2682,-3
2683,-1
2684,6
2685,12
2686,-3
2687,10
2688,3
2689,7
2690,-9
2691,8
2692,11
2693,-5
2694,11
2695,14
2696,3
2697,8
2698,2
2699,13
2700,-2
2701,1
2702,-8
2703,8
2704,9
2705,7
2706,5
2707,8
2708,9
2709,-19
2710,10
2711,-11
2712,-5
2713,-5
2714,-2
2715,9
2716,9
2717,12
2718,-21
2719,-4
2720,6
2721,10
2722,-4
2723,-2
2724,8
2725,-3
2726,-15
2727,6
2728,-16
2729,6
2730,8
2731,1
2732,8
2733,10
2734,5
2735,5
2736,-11
2737,-8
2738,2
2739,7
2740,-5
2741,9
2742,11
2743,5
2744,7
2745,11
2746,9
2747,6
2748,9
2749,-3
2750,-4
2751,4
2752,4
2753,3
2754,-2
2755,6
2756,-1
2757,3
2758,8
2759,7
2760,9
2761,-14
2762,2
2763,-13
2764,2
2765,2
2766,-5
2767,-3
2768,4
2769,7
2770,7
2771,3
2772,5
2773,-5
2774,6
2775,4
2776,-19
2777,10
2778,-2
2779,13
2780,4
2781,13
2782,9
2783,9
2784,-10
2785,6
2786,3
2787,0
2788,10
2789,14
2790,5
2791,10
2792,4
2793,-7
2794,6
2795,8
2796,12
2797,8
2798,-4
2799,-1
2800,2
2801,5
2802,8
2803,7
2804,2
2805,-2
2806,-6
2807,0
2808,0
2809,-2
2810,11
2811,4
2812,14
2813,-6
2814,5
2815,6
2816,9
2817,6
2818,9
2819,-3
2820,3
2821,-1
2822,-21
2823,8
2824,-14
2825,-1
2826,-2
2827,9
2828,-5
2829,-2
2830,12
2831,3
2832,11
2833,-6
2834,7
2835,-15
2836,11
2837,-2
2838,5
2839,12
2840,-2
2841,10
2842,10
2843,-5
2844,6
2845,4
2846,5
2847,11
2848,-2
2849,-5
2850,5
2851,10
2852,2
2853,2
2854,6
2855,3
2856,5
2857,8
2858,4
2859,-5
2860,-4
2861,0
2862,11
2863,15
2864,-4
2865,-14
2866,8
2867,6
2868,1
2869,1
2870,2
2871,4
2872,7
2873,9
2874,-3
2875,6
2876,7
2877,0
2878,11
2879,5
2880,5
2881,8
2882,-6
2883,8
2884,8
2885,9
2886,-15
2887,-11
2888,-8
2889,-12
2890,-4
2891,10
2892,-7
2893,8
2894,11
2895,3
2896,-2
2897,4
2898,-3
2899,-10
2900,-6
2901,-14
2902,-1
2903,-5
2904,-16
2905,4
2906,-5
2907,-16
2908,-3
2909,5
2910,-2
2911,10
2912,14
2913,8
2914,7
2915,11
2916,7
2917,2
2918,-5
2919,-3
2920,4
2921,-2
2922,8
2923,-3
2924,10
2925,4
2926,1
2927,-10
2928,6
2929,7
2930,10
2931,-5
2932,9
2933,13
2934,3
2935,10
2936,6
2937,7
2938,4
2939,-5
2940,-2
2941,10
2942,-3
2943,-13
2944,10
2945,-14
2946,3
2947,3
2948,10
2949,-2
2950,8
2951,14
2952,6
2953,-4
2954,-5
2955,-3
2956,-11
2957,12
2958,-25
2959,8
2960,1
2961,-20
2962,9
2963,8
2964,0
2965,-5
2966,8
2967,11
2968,11
2969,-7
2970,9
2971,-23
2972,12
2973,10
2974,-14
2975,0
2976,0
2977,11
2978,13
2979,2
2980,11
2981,8
2982,-5
2983,9
2984,14
2985,6
2986,3
2987,6
2988,1
2989,5
2990,5
2991,6
2992,11
2993,-2
2994,1
2995,-16
2996,-1
2997,2
2998,3
2999,4
3000,-2
3001,7
3002,10
3003,-5
3004,-2
3005,8
3006,-3
3007,6
3008,4
3009,5
3010,6
3011,-2
3012,9
3013,7
3014,-8
3015,0
3016,1
3017,0
3018,-8
3019,-1
3020,9
3021,7
3022,6
3023,7
3024,11
3025,9
3026,-2
3027,6
3028,8
3029,-2
3030,7
3031,10
3032,6
3033,9
3034,-4
3035,7
3036,8
3037,3
3038,1
3039,10
3040,1
3041,4
3042,7
3043,4
3044,11
3045,4
3046,11
3047,0
3048,7
3049,7
3050,5
3051,-4
3052,7
3053,9
3054,10
3055,7
3056,11
3057,-1
3058,1
3059,-4
3060,7
3061,9
3062,7
3063,9
3064,3
3065,1
3066,7
3067,-19
3068,5
3069,6
3070,8
3071,3
3072,7
3073,0
3074,10
3075,5
3076,-18
3077,-9
3078,-8
3079,13
3080,-5
3081,8
3082,-4
3083,9
3084,12
3085,4
3086,1
3087,-2
3088,3
3089,-1
3090,8
3091,-15
3092,12
3093,3
3094,10
3095,7
3096,10
3097,-9
3098,-3
3099,7
3100,-2
3101,1
3102,12
3103,6
3104,-3
3105,-5
3106,7
3107,6
3108,9
3109,5
3110,7
3111,3
3112,4
3113,6
3114,9
3115,6
3116,12
3117,0
3118,5
3119,-4
3120,-8
3121,-3
3122,-5
3123,-3
3124,3
3125,8
3126,11
3127,-8
3128,-19
3129,10
3130,9
3131,4
3132,-14
3133,-5
3134,6
3135,7
3136,9
3137,11
3138,8
3139,-6
3140,-1
3141,-15
3142,10
3143,-9
3144,-12
3145,4
3146,8
3147,6
3148,7
3149,6
3150,-9
3151,2
3152,-13
3153,7
3154,9
3155,1
3156,-16
3157,-2
3158,-7
3159,0
3160,10
3161,7
3162,-29
3163,0
3164,-2
3165,11
3166,6
3167,-2
3168,-11
3169,2
3170,10
3171,7
3172,8
3173,8
3174,4
3175,0
3176,-20
3177,-3
3178,5
3179,4
3180,0
3181,8
3182,3
3183,-4
3184,-14
3185,-15
3186,7
3187,-14
3188,-6
3189,6
3190,-6
3191,3
3192,-13
3193,6
3194,10
3195,3
3196,-22
3197,7
3198,8
3199,-21
3200,5
3201,-3
3202,4
3203,9
3204,8
3205,8
3206,-1
3207,9
3208,-7
3209,10
3210,4
3211,9
3212,10
3213,-12
3214,5
3215,6
3216,-22
3217,-13
3218,-6
3219,-2
3220,5
3221,-2
3222,2
3223,5
3224,9
3225,2
3226,9
3227,11
3228,11
3229,7
3230,10
3231,-4
3232,-1
3233,7
3234,8
3235,14
3236,-10
3237,11
3238,2
3239,-25
3240,13
3241,10
3242,-1
3243,-25
3244,2
3245,-3
3246,-14
3247,-17
3248,9
3249,5
3250,2
3251,-5
3252,10
3253,-3
3254,7
3255,8
3256,-1
3257,-4
3258,0
3259,5
3260,-5
3261,1
3262,9
3263,-1
3264,-3
3265,-16
3266,10
3267,5
3268,-6
3269,-1
3270,8
3271,-17
3272,5
3273,4
3274,-14
3275,9
3276,5
3277,12
3278,9
3279,-6
3280,6
3281,9
3282,6
3283,-7
3284,-8
3285,11
3286,10
3287,-4
3288,4
3289,6
3290,7
3291,8
3292,-4
3293,10
3294,7
3295,6
3296,6
3297,7
3298,11
3299,-12
3300,11
3301,11
3302,-6
3303,-5
3304,9
3305,10
3306,6
3307,9
3308,-13
3309,1
3310,1
3311,10
3312,9
3313,9
3314,14
3315,12
3316,4
3317,6
3318,5
3319,8
3320,-3
3321,-4
3322,-1
3323,2
3324,8
3325,5
3326,-28
3327,9
3328,6
3329,9
3330,3
3331,4
3332,1
3333,11
3334,-1
3335,6
3336,4
3337,-1
3338,-1
3339,-5
3340,9
3341,8
3342,-1
3343,-1
3344,4
3345,4
3346,-13
3347,10
3348,6
3349,6
3350,9
3351,-2
3352,2
3353,6
3354,-5
3355,14
3356,9
3357,-10
3358,7
3359,-4
3360,-3
3361,1
3362,5
3363,7
3364,0
3365,9
3366,5
3367,-5
3368,-4
3369,-1
3370,2
3371,-5
3372,9
3373,6
3374,2
3375,5
3376,10
3377,6
3378,8
3379,-15
3380,7
3381,-1
3382,8
3383,12
3384,8
3385,-5
3386,8
3387,7
3388,-4
3389,-12
3390,2
3391,7
3392,-3
3393,-16
3394,-8
3395,-1
3396,10
3397,9
3398,-5
3399,5
3400,6
3401,7
3402,-9
3403,-1
3404,-12
3405,-1
3406,-9
3407,10
3408,-15
3409,-16
3410,4
3411,11
3412,9
3413,9
3414,6
3415,-1
3416,9
3417,4
3418,-11
3419,7
3420,-10
3421,0
3422,-5
3423,7
3424,3
3425,-6
3426,9
3427,9
3428,-2
3429,-1
3430,-3
3431,8
3432,5
3433,3
3434,-4
3435,8
3436,11
3437,8
3438,-6
3439,-15
3440,9
3441,7
3442,-4
3443,1
3444,13
3445,-4
3446,13
3447,-3
3448,3
3449,3
3450,-14
3451,6
3452,3
3453,-5
3454,2
3455,13
3456,3
3457,1
3458,5
3459,10
3460,4
3461,7
3462,-10
3463,12
3464,5
3465,5
3466,9
3467,7
3468,8
3469,1
3470,7
3471,8
3472,1
3473,9
3474,-6
3475,2
3476,7
3477,8
3478,8
3479,7
3480,7
3481,11
3482,15
3483,-4
3484,10
3485,-4
3486,9
3487,10
3488,-17
3489,-16
3490,8
3491,5
3492,8
3493,-3
3494,9
3495,-2
3496,1
3497,8
3498,-3
3499,11
3500,8
3501,-5
3502,-5
3503,6
3504,-16
3505,-22
3506,11
3507,5
3508,4
3509,9
3510,-26
3511,4
3512,5
3513,-15
3514,10
3515,-6
3516,-3
3517,-13
3518,-10
3519,-13
3520,7
3521,12
3522,-1
3523,10
3524,6
3525,7
3526,-5
3527,-19
3528,-5
3529,5
3530,10
3531,7
3532,5
3533,10
3534,8
3535,1
3536,6
3537,-5
3538,11
3539,-2
3540,-25
3541,7
3542,7
3543,7
3544,-9
3545,-8
3546,1
3547,8
3548,9
3549,10
3550,8
3551,5
3552,-3
3553,6
3554,10
3555,3
3556,5
3557,7
3558,-4
3559,1
3560,-20
3561,-3
3562,-5
3563,13
3564,-4
3565,-9
3566,-19
3567,8
3568,7
3569,-4
3570,9
3571,10
3572,7
3573,-4
3574,7
3575,-8
3576,6
3577,11
3578,-10
3579,5
3580,-3
3581,-1
3582,4
3583,-5
3584,12
3585,9
3586,-2
3587,7
3588,3
3589,8
3590,9
3591,10
3592,-15
3593,14
3594,4
3595,7
3596,4
3597,-11
3598,7
3599,5
3600,1
3601,5
3602,14
3603,-3
3604,8
3605,11
3606,9
3607,5
3608,0
3609,10
3610,-16
3611,-3
3612,4
3613,6
3614,-2
3615,3
3616,-16
3617,-15
3618,1
3619,10
3620,11
3621,11
3622,8
3623,7
3624,8
3625,4
3626,-6
3627,3
3628,-27
3629,-2
3630,6
3631,-15
3632,-8
3633,8
3634,11
3635,-2
3636,6
3637,-10
3638,5
3639,8
3640,6
3641,5
3642,4
3643,-8
3644,-3
3645,11
3646,4
3647,7
3648,3
3649,-4
3650,-7
3651,0
3652,6
3653,6
3654,-21
3655,12
3656,-6
3657,5
3658,8
3659,8
3660,8
3661,-3
3662,3
3663,6
3664,-8
3665,11
3666,6
3667,-6
3668,9
3669,-6
3670,7
3671,9
3672,8
3673,2
3674,6
3675,8
3676,8
3677,8
3678,6
3679,15
3680,-10
3681,6
3682,11
3683,8
3684,-3
3685,8
3686,-7
3687,0
3688,9
3689,14
3690,2
3691,-2
3692,8
3693,8
3694,4
3695,12
3696,-3
3697,11
3698,7
3699,3
3700,4
3701,12
3702,5
3703,7
3704,-1
3705,8
3706,-7
3707,-34
3708,-17
3709,9
3710,6
3711,6
3712,9
3713,7
3714,8
3715,10
3716,3
3717,10
3718,11
3719,8
3720,12
3721,-2
3722,-1
3723,-16
3724,12
3725,3
3726,7
3727,-9
3728,7
3729,8
3730,-2
3731,2
3732,11
3733,7
3734,6
3735,-12
3736,11
3737,7
3738,0
3739,4
3740,0
3741,1
3742,-5
3743,8
3744,0
3745,3
3746,5
3747,0
3748,8
3749,13
3750,7
3751,8
3752,7
3753,-1
3754,7
3755,5
3756,-4
3757,3
3758,9
3759,11
3760,5
3761,3
3762,8
3763,3
3764,8
3765,8
3766,4
3767,5
3768,2
3769,-3
3770,6
3771,13
3772,8
3773,11
3774,7
3775,7
3776,-7
3777,10
3778,-18
3779,9
3780,8
3781,7
3782,-17
3783,4
3784,6
3785,3
3786,7
3787,4
3788,13
3789,0
3790,10
3791,7
3792,8
3793,3
3794,-13
3795,3
3796,-7
3797,6
3798,-15
3799,5
3800,13
3801,-4
3802,-4
3803,-17
3804,6
3805,-5
3806,5
3807,-10
3808,6
3809,9
3810,6
3811,14
3812,6
3813,8
3814,-6
3815,-1
3816,11
3817,10
3818,6
3819,6
3820,-2
3821,10
3822,2
3823,-3
3824,11
3825,6
3826,-9
3827,-17
3828,8
3829,8
3830,5
3831,5
3832,8
3833,11
3834,8
3835,1
3836,14
3837,4
3838,7
3839,-7
3840,7
3841,11
3842,0
3843,3
3844,7
3845,12
3846,8
3847,-33
3848,5
3849,-2
3850,9
3851,-7
3852,6
3853,7
3854,-4
3855,8
3856,-10
3857,-15
3858,4
3859,6
3860,1
3861,-15
3862,12
3863,4
3864,-2
3865,3
3866,-6
3867,7
3868,8
3869,-3
3870,-2
3871,10
3872,14
3873,-7
3874,-8
3875,8
3876,-5
3877,-11
3878,-2
3879,8
3880,3
3881,-5
3882,-3
3883,15
3884,-3
3885,7
3886,12
3887,4
3888,0
3889,11
3890,4
3891,-1
3892,0
3893,7
3894,7
3895,7
3896,4
3897,11
3898,5
3899,3
3900,-11
3901,12
3902,0
3903,-10
3904,-6
3905,-35
3906,3
3907,2
3908,8
3909,4
3910,4
3911,-5
3912,13
3913,4
3914,7
3915,12
3916,8
3917,5
3918,7
3919,5
3920,10
3921,10
3922,9
3923,6
3924,-1
3925,-20
3926,-7
3927,-13
3928,13
3929,7
3930,-6
3931,-8
3932,-5
3933,11
3934,4
3935,-5
3936,9
3937,13
3938,8
3939,8
3940,-3
3941,9
3942,1
3943,-3
3944,5
3945,3
3946,8
3947,7
3948,10
3949,5
3950,0
3951,4
3952,3
3953,9
3954,-3
3955,-3
3956,8
3957,13
3958,13
3959,-4
3960,7
3961,-2
3962,10
3963,-4
3964,8
3965,9
3966,4
3967,8
3968,3
3969,6
3970,9
3971,2
3972,-1
3973,4
3974,-3
3975,12
3976,7
3977,4
3978,9
3979,-4
3980,6
3981,-3
3982,-2
3983,11
3984,3
3985,6
3986,0
3987,10
3988,9
3989,4
3990,-17
3991,8
3992,-3
3993,8
3994,11
3995,-4
3996,-7
3997,8
3998,1
3999,7
4000,7
4001,5
4002,4
4003,10
4004,3
4005,8
4006,6
4007,3
4008,14
4009,-5
4010,-6
4011,2
4012,6
4013,7
4014,10
4015,10
4016,-5
4017,6
4018,-2
4019,2
4020,7
4021,9
4022,9
4023,9
4024,4
4025,9
4026,-4
4027,4
4028,4
4029,6
4030,1
4031,13
4032,3
4033,7
4034,-1
4035,1
4036,12
4037,4
4038,4
4039,2
4040,2
4041,5
4042,9
4043,8
4044,4
4045,4
4046,5
4047,7
4048,6
4049,9
4050,11
4051,3
4052,-9
4053,-8
4054,6
4055,10
4056,5
4057,8
4058,-6
4059,4
4060,4
4061,5
4062,-3
4063,-1
4064,9
4065,-4
4066,-6
4067,14
4068,-5
4069,11
4070,11
4071,-2
4072,-15
4073,4
4074,6
4075,4
4076,-5
4077,-25
4078,11
4079,4
4080,8
4081,-13
4082,7
4083,14
4084,-12
4085,3
4086,-3
4087,8
4088,11
4089,0
4090,6
4091,4
4092,7
4093,1
4094,-7
4095,-9
4096,-1
4097,12
4098,8
4099,-3
4100,5
4101,5
4102,4
4103,3
4104,-6
4105,4
4106,0
4107,-1
4108,-3
4109,11
4110,5
4111,8
4112,-4
4113,14
4114,4
4115,1
4116,-1
4117,12
4118,9
4119,6
4120,1
4121,7
4122,5
4123,-6
4124,-16
4125,6
4126,1
4127,-7
4128,10
4129,2
4130,6
4131,6
4132,7
4133,15
4134,-1
4135,8
4136,5
4137,7
4138,11
4139,6
4140,13
4141,-5
4142,5
4143,9
4144,6
4145,-8
4146,8
4147,0
4148,-8
4149,8
4150,10
4151,6
4152,-3
4153,-12
4154,5
4155,-16
4156,-6
4157,11
4158,-5
4159,9
4160,12
4161,8
4162,6
4163,8
4164,8
4165,-6
4166,11
4167,10
4168,-6
4169,5
4170,7
4171,-5
4172,5
4173,5
4174,-11
4175,6
4176,6
4177,-14
4178,2
4179,15
4180,6
4181,0
4182,2
4183,-19
4184,-3
4185,7
4186,-7
4187,-8
4188,6
4189,5
4190,4
4191,-9
4192,5
4193,5
4194,-3
4195,-4
4196,11
4197,-10
4198,9
4199,11
4200,7
4201,6
4202,13
4203,5
4204,-8
4205,10
4206,8
4207,5
4208,9
4209,6
4210,5
4211,-15
4212,-16
4213,9
4214,7
4215,-7
4216,-7
4217,0
4218,10
4219,4
4220,7
4221,8
4222,9
4223,-24
4224,12
4225,-5
4226,6
4227,7
4228,2
4229,-18
4230,8
4231,-2
4232,9
4233,4
4234,9
4235,7
4236,11
4237,-5
4238,10
4239,7
4240,4
4241,13
4242,4
4243,7
4244,5
4245,10
4246,8
4247,-10
4248,1
4249,5
4250,4
4251,-2
4252,5
4253,-7
4254,5
4255,8
4256,2
4257,2
4258,6
4259,-13
4260,9
4261,-4
4262,-4
4263,-2
4264,-2
4265,3
4266,-5
4267,5
4268,9
4269,-7
4270,2
4271,12
4272,4
4273,6
4274,8
4275,7
4276,4
4277,8
4278,6
4279,3
4280,-4
4281,4
4282,-11
4283,8
4284,5
4285,9
4286,-19
4287,-4
4288,13
4289,8
4290,9
4291,-3
4292,2
4293,-5
4294,10
4295,4
4296,5
4297,6
4298,4
4299,7
4300,4
4301,11
4302,10
4303,11
4304,9
4305,12
4306,7
4307,-6
4308,-1
4309,6
4310,12
4311,11
4312,9
4313,2
4314,8
4315,8
4316,7
4317,11
4318,10
4319,-7
4320,-2
4321,-25
4322,-17
4323,-6
4324,-5
4325,8
4326,-8
4327,6
4328,-3
4329,-3
4330,-3
4331,0
4332,-13
4333,4
4334,-16
4335,10
4336,6
4337,11
4338,-12
4339,-8
4340,-6
4341,10
4342,3
4343,9
4344,12
4345,6
4346,-1
4347,7
4348,1
4349,-2
4350,9
4351,-3
4352,-10
4353,13
4354,-1
4355,3
4356,-5
4357,6
4358,7
4359,3
4360,5
4361,-13
4362,5
4363,-2
4364,8
4365,4
4366,8
4367,-7
4368,-10
4369,6
4370,-2
4371,-12
4372,10
4373,8
4374,5
4375,4
4376,7
4377,5
4378,4
4379,-17
4380,8
4381,5
4382,-5
4383,-3
4384,-13
4385,6
4386,10
4387,11
4388,13
4389,4
4390,8
4391,0
4392,9
4393,11
4394,-2
4395,6
4396,-2
4397,4
4398,3
4399,8
4400,5
4401,-2
4402,-3
4403,11
4404,6
4405,-5
4406,6
4407,-1
4408,2
4409,11
4410,4
4411,-2
4412,9
4413,-6
4414,10
4415,0
4416,7
4417,12
4418,8
4419,-13
4420,6
4421,13
4422,-7
4423,12
4424,3
4425,11
4426,7
4427,7
4428,7
4429,7
4430,-17
4431,10
4432,-3
4433,2
4434,-6
4435,8
4436,6
4437,13
4438,-8
4439,-2
4440,5
4441,6
4442,13
4443,-14
4444,1
4445,9
4446,3
4447,6
4448,8
4449,-13
4450,9
4451,11
4452,-13
4453,12
4454,-6
4455,13
4456,-11
4457,1
4458,-2
4459,2
4460,1
4461,0
4462,10
4463,-6
4464,-5
4465,-3
4466,8
4467,-1
4468,3
4469,5
4470,-4
4471,-6
4472,-5
4473,4
4474,-1
4475,8
4476,9
4477,-6
4478,8
4479,10
4480,4
4481,1
4482,-13
4483,8
4484,12
4485,0
4486,-2
4487,3
4488,6
4489,5
4490,6
4491,-26
4492,3
4493,-1
4494,10
4495,6
4496,-21
4497,4
4498,1
4499,7
4500,7
4501,9
4502,11
4503,15
4504,5
4505,8
4506,9
4507,4
4508,6
4509,5
4510,10
4511,9
4512,4
4513,8
4514,-8
4515,12
4516,9
4517,-4
4518,7
4519,4
4520,12
4521,8
4522,7
4523,-21
4524,10
4525,-5
4526,5
4527,9
4528,10
4529,9
4530,3
4531,-4
4532,7
4533,11
4534,1
4535,8
4536,-15
4537,-1
4538,4
4539,-7
4540,8
4541,5
4542,7
4543,2
4544,3
4545,15
4546,10
4547,0
4548,3
4549,6
4550,-14
4551,11
4552,-14
4553,14
4554,7
4555,10
4556,9
4557,8
4558,3
4559,-6
4560,5
4561,-10
4562,-12
4563,-5
4564,-4
4565,6
4566,7
4567,12
4568,4
4569,5
4570,4
4571,-19
4572,-10
4573,8
4574,2
4575,-7
4576,1
4577,-17
4578,2
4579,9
4580,5
4581,7
4582,7
4583,-4
4584,-14
4585,10
4586,4
4587,4
4588,2
4589,13
4590,0
4591,-9
4592,9
4593,-2
4594,4
4595,8
4596,-3
4597,5
4598,-16
4599,8
4600,-7
4601,5
4602,8
4603,-9
4604,6
4605,-3
4606,8
4607,12
4608,8
4609,5
4610,-5
4611,0
4612,8
4613,7
4614,6
4615,10
4616,7
4617,10
4618,14
4619,7
4620,-7
4621,-2
4622,10
4623,7
4624,-11
4625,7
4626,-13
4627,-5
4628,8
4629,-26
4630,12
4631,-4
4632,-6
4633,3
4634,10
4635,12
4636,7
4637,10
4638,10
4639,10
4640,-9
4641,3
4642,12
4643,-9
4644,10
4645,10
4646,6
4647,8
4648,3
4649,4
4650,1
4651,-2
4652,10
4653,2
4654,3
4655,11
4656,-24
4657,6
4658,5
4659,-6
4660,5
4661,-4
4662,5
4663,-14
4664,-6
4665,5
4666,8
4667,-9
4668,7
4669,-27
4670,9
4671,-18
4672,10
4673,7
4674,7
4675,6
4676,-4
4677,3
4678,4
4679,-8
4680,5
4681,-6
4682,-6
4683,7
4684,9
4685,-3
4686,6
4687,-2
4688,4
4689,-14
4690,1
4691,6
4692,10
4693,14
4694,-8
4695,6
4696,-4
4697,-9
4698,-18
4699,-4
4700,3
4701,10
4702,-5
4703,15
4704,9
4705,2
4706,-5
4707,-9
4708,0
4709,5
4710,10
4711,3
4712,-9
4713,-2
4714,0
4715,14
4716,9
4717,-14
4718,1
4719,11
4720,9
4721,-17
4722,-1
4723,-1
4724,14
4725,8
4726,3
4727,12
4728,8
4729,9
4730,8
4731,9
4732,8
4733,-6
4734,8
4735,12
4736,0
4737,-5
4738,-2
4739,8
4740,5
4741,-14
4742,7
4743,-4
4744,11
4745,-6
4746,7
4747,-7
4748,6
4749,4
4750,-2
4751,-2
4752,11
4753,-1
4754,-12
4755,7
4756,8
4757,-2
4758,5
4759,0
4760,11
4761,0
4762,2
4763,-3
4764,-4
4765,9
4766,-3
4767,-9
4768,11
4769,4
4770,-2
4771,8
4772,10
4773,14
4774,-13
4775,6
4776,15
4777,2
4778,12
4779,-18
4780,8
4781,3
4782,4
4783,6
4784,4
4785,4
4786,2
4787,-8
4788,10
4789,5
4790,-13
4791,11
4792,7
4793,1
4794,12
4795,0
4796,13
4797,9
4798,3
4799,-4
4800,11
4801,1
4802,11
4803,-4
4804,-11
4805,4
4806,5
4807,10
4808,6
4809,9
4810,12
4811,7
4812,9
4813,9
4814,5
4815,-6
4816,0
4817,7
4818,7
4819,7
4820,6
4821,11
4822,6
4823,-6
4824,7
4825,-3
4826,6
4827,-15
4828,8
4829,5
4830,-7
4831,8
4832,7
4833,11
4834,-5
4835,-1
4836,-18
4837,3
4838,-21
4839,-7
4840,5
4841,-1
4842,-3
4843,4
4844,7
4845,7
4846,7
4847,6
4848,3
4849,8
4850,5
4851,4
4852,2
4853,-4
4854,8
4855,-2
4856,10
4857,10
4858,0
4859,-13
4860,7
4861,-4
4862,9
4863,6
4864,5
4865,0
4866,11
4867,-6
4868,10
4869,8
4870,-27
4871,-17
4872,5
4873,8
4874,9
4875,10
4876,-10
4877,9
4878,3
4879,14
4880,9
4881,3
4882,8
4883,-4
4884,3
4885,-5
4886,-8
4887,10
4888,6
4889,6
4890,4
4891,-3
4892,6
4893,-6
4894,-3
4895,-2
4896,-5
4897,-9
4898,1
4899,1
4900,5
4901,6
4902,11
4903,4
4904,6
4905,1
4906,-1
4907,6
4908,-5
4909,-18
4910,5
4911,-1
4912,-16
4913,-1
4914,6
4915,6
4916,9
4917,-4
4918,-13
4919,5
4920,-1
4921,2
4922,3
4923,3
4924,0
4925,7
4926,9
4927,-2
4928,9
4929,6
4930,2
4931,6
4932,5
4933,2
4934,3
4935,10
4936,4
4937,-2
4938,11
4939,10
4940,2
4941,-3
4942,-4
4943,7
4944,-5
4945,-20
4946,11
4947,-12
4948,7
4949,-6
4950,3
4951,4
4952,-7
4953,4
4954,5
4955,-11
4956,5
4957,6
4958,4
4959,10
4960,6
4961,6
4962,4
4963,6
4964,-9
4965,-3
4966,9
4967,-3
4968,-7
4969,9
4970,3
4971,-2
4972,8
4973,11
4974,12
4975,-9
4976,3
4977,12
4978,12
4979,7
4980,11
4981,-2
4982,-3
4983,13
4984,9
4985,-1
4986,7
4987,0
4988,5
4989,12
4990,1
4991,9
4992,-17
4993,5
4994,11
4995,13
4996,-5
4997,10
4998,12
4999,5
5000,-5
