0.000000000000000000e+00,0.000000000000000000e+00,0.000000000000000000e+00,0.000000000000000000e+00,0.000000000000000000e+00,0.000000000000000000e+00
-3.959120697148783563e+00,-7.216441991369870745e-01,-2.319445488389757948e+00,-3.368532429480277202e+00,3.435246565157082710e+00,-8.279228770013492777e+00
7.244630296281537873e-01,2.521130921622977805e+00,-1.043851913259598030e-01,3.430058694360981431e+00,1.078140250042675774e+01,-2.606411576562483567e+00
-2.577189114451067464e+00,-1.179883901738648877e+00,-2.413056353794690967e+00,-7.959676427823514366e-01,5.359965717496832482e+00,-6.287467258881183518e+00
-8.782611974281193667e+00,-8.921199661777240664e+00,-9.023449076707285244e+00,-8.992622596643164101e+00,-9.769256952959597839e+00,-9.104107397406391300e+00
0.000000000000000000e+00,0.000000000000000000e+00,0.000000000000000000e+00,0.000000000000000000e+00,0.000000000000000000e+00,0.000000000000000000e+00
-8.727483196054954817e+00,-8.835436435815097411e+00,-8.709837569404717428e+00,-8.714982617135911269e+00,-9.643623121971463874e+00,-8.825673391594834882e+00
-6.760456511281021541e+00,-6.736210073834534739e+00,-6.694295306147836300e+00,-6.805574850467624337e+00,-7.544135185421206202e+00,-7.946087875104779208e+00
-3.366718049919270594e-02,-4.136923398703562960e+00,-4.173924150972687208e+00,-4.328187467382355713e+00,-5.328094391126585450e+00,-5.689544252758312659e+00
-5.550254975679976610e+00,-6.774391138268613055e+00,-6.735472791856480512e+00,-6.807981674832584318e+00,-7.386091640860986907e+00,-9.132694668092531387e+00
0.000000000000000000e+00,0.000000000000000000e+00,0.000000000000000000e+00,0.000000000000000000e+00,0.000000000000000000e+00,0.000000000000000000e+00
-3.704469705204876728e+00,-6.114710234756703500e+00,-6.152153322252288170e+00,-5.989853733264844493e+00,-7.113932119815090438e+00,-9.680637968522393777e+00
-7.032093267784795820e+00,-7.472656945471063850e+00,-7.512501279469769422e+00,-7.611445210169326181e+00,-8.038735608966971924e+00,-8.587891793587552058e+00
-5.905300654217425560e+00,-6.143613566989485797e+00,-6.090494586845808023e+00,-6.193774546076021181e+00,-9.000272233268544753e+00,-8.054065036617490847e+00
-7.698104243214299203e+00,-7.945574786850333915e+00,-7.958064195129311180e+00,-8.023704406369891018e+00,-9.315457754662197942e+00,-9.045422739748120833e+00
0.000000000000000000e+00,0.000000000000000000e+00,0.000000000000000000e+00,0.000000000000000000e+00,0.000000000000000000e+00,0.000000000000000000e+00
1.240369051741895667e+01,1.602935453837950774e+01,1.053119240260157241e+01,1.455669629999819925e+01,7.236485233597843347e+00,1.999999999999998579e+01
5.607546345007714095e+00,-1.793924291134799232e+00,-3.004295209649870291e+00,-9.374699949756772899e-01,-6.967535020411090407e+00,-1.443720849080148749e+00
1.277283971382095018e+01,5.135173481981059496e+00,-1.652782553034559676e+00,2.142621491785821952e+00,-6.252345622310672146e-01,4.003567689809662156e+00
7.744857447667998329e+00,-7.168507741899121655e-01,-1.939982249324491592e+00,-1.072619744088126881e-01,-7.265975461435717264e+00,-6.296284429130727389e-01
0.000000000000000000e+00,0.000000000000000000e+00,0.000000000000000000e+00,0.000000000000000000e+00,0.000000000000000000e+00,0.000000000000000000e+00
-4.928023919126800045e+00,-4.175571892743406899e+00,-4.201790701872944567e+00,7.268362668056600473e-01,-5.677954378212334063e+00,-6.436833540895610106e+00
-2.779833888535485187e+00,-2.094670207282366192e+00,-2.863374098282524649e+00,6.334003985401827741e+00,-3.824431435258660805e+00,-5.453559855370832210e+00
-4.315258603558051576e+00,-4.528293173434509100e+00,-4.410001889075030768e+00,1.574799729554152261e+00,-4.698375116242839766e+00,-6.161123876334065663e+00
-8.194494290601857855e+00,-8.748499451695849416e+00,-8.827374776805097412e+00,-8.802039685339032360e+00,-1.099913288572446923e+01,-1.019589552052228143e+01
0.000000000000000000e+00,0.000000000000000000e+00,0.000000000000000000e+00,0.000000000000000000e+00,0.000000000000000000e+00,0.000000000000000000e+00
-8.144909074060878496e+00,-8.443145599348873986e+00,-8.379122884914625757e+00,-8.351777558655067324e+00,-8.783179331315928096e+00,-1.030962822289316527e+01
-4.051308834954025606e+00,-6.605339893259346340e+00,-6.283644946829832989e+00,-6.507630462606584842e+00,-9.642071130850521143e+00,-8.709540843406632149e+00
-5.083743074383346716e-01,-4.460578856321409269e+00,-4.557694005474285603e+00,-4.464841762024278182e+00,-6.880756367562418596e+00,-6.655432263237025303e+00
-6.077576853048866745e+00,-7.086147494660752777e+00,-7.215553054565878810e+00,-7.046750281270204752e+00,-8.425575293516372355e+00,-7.781697966039977210e+00
0.000000000000000000e+00,0.000000000000000000e+00,0.000000000000000000e+00,0.000000000000000000e+00,0.000000000000000000e+00,0.000000000000000000e+00
-5.640176016464493181e+00,-6.331929317234432197e+00,-6.351141892709750714e+00,-6.326517141605643602e+00,-6.673528438115042150e+00,-7.101750183752664647e+00
-6.406165409433732805e+00,-7.445419284263645743e+00,-7.456509794620241216e+00,-7.442063066785607361e+00,-8.379646083646042243e+00,-9.862005554769142535e+00
-3.624733328829026657e+00,-5.838898740616791372e+00,-5.933548843131940309e+00,-5.833896364999615614e+00,-7.276438435223624879e+00,-8.084040676568791994e+00
-7.159009521810399512e+00,-7.788666146149666680e+00,-7.922112753215607484e+00,-7.785720940672236523e+00,-1.033336679844667927e+01,-8.803281108623782103e+00
0.000000000000000000e+00,0.000000000000000000e+00,0.000000000000000000e+00,0.000000000000000000e+00,0.000000000000000000e+00,0.000000000000000000e+00
-1.525563402154262171e-01,2.172835697178667480e-01,0.000000000000000000e+00,1.614683686158566189e+01,-1.000000000000000000e+00,-1.899999999999999911e+00
3.931251551518573084e-01,-2.853909826784311932e+00,-2.714817358441404593e+00,-2.740840853592503290e+00,-3.864144965041847346e+00,-5.355378403716430924e+00
-8.615165962896258467e-01,-1.514274001390084390e+00,-1.358137188019397534e+00,-2.565663998093199449e-01,-1.919790100000000166e+00,-2.909437223235928016e+00
4.188807860229381008e-01,-2.358552261448139120e+00,-2.373029139770920448e+00,-2.301662426719005783e+00,-2.902632133754797561e+00,-4.565384923344682377e+00
0.000000000000000000e+00,0.000000000000000000e+00,0.000000000000000000e+00,0.000000000000000000e+00,0.000000000000000000e+00,0.000000000000000000e+00
-6.719247443668172615e+00,-8.215384941015095421e+00,-8.128529244418569277e+00,-8.071480800826842383e+00,-9.176887252304208431e+00,-9.776116830540539482e+00
-2.446003783339839810e+00,-5.727154715149954889e+00,-5.841875565012974114e+00,-5.746934753498651460e+00,-6.331411097330494009e+00,-7.645576676185530829e+00
-6.250710700777382556e+00,-7.281056323721888823e+00,-7.192870957495719253e+00,-7.292547215891926449e+00,-7.485412397390976302e+00,-8.396539141819134855e+00
-5.454930321611766608e+00,-5.579943475030311184e+00,-1.763259566892052987e+00,-5.658239149268261770e+00,-6.539990032453296465e+00,-7.493707866740412449e+00
0.000000000000000000e+00,0.000000000000000000e+00,0.000000000000000000e+00,0.000000000000000000e+00,0.000000000000000000e+00,0.000000000000000000e+00
-4.737969929526577140e+00,-4.812137466259447827e+00,-4.187011340419393712e-01,-4.852928761945254799e+00,-7.882832729985991271e+00,-7.325069904941368115e+00
-3.478728352360236364e+00,-3.020898049637326110e+00,3.887713792242545541e+00,-3.247016050666220011e+00,-5.652285447667361851e+00,-3.713410507673042371e+00
-3.522721514345867444e+00,-5.480145130715542656e+00,-5.619259945538121137e+00,-5.520745454166644528e+00,-5.385056032297335982e+00,-6.625005476711493202e+00
-6.676210054241188629e+00,-8.423820989835943962e+00,-8.446521229889775384e+00,-8.378304361461468730e+00,-9.543763022601089219e+00,-1.059412298261777607e+01
0.000000000000000000e+00,0.000000000000000000e+00,0.000000000000000000e+00,0.000000000000000000e+00,0.000000000000000000e+00,0.000000000000000000e+00
-6.247473400981181868e+00,-7.771294982185358080e+00,-7.876640892811634487e+00,-7.965561500021681951e+00,-1.052318012499199362e+01,-1.004094585198963152e+01
-5.178301760986133040e+00,-6.338161244235700487e+00,-6.168842501630618536e+00,-6.226636967432966685e+00,-8.374490745543862857e+00,-8.205170602905306865e+00
-4.712747742617478863e+00,-4.777526081215476061e+00,-3.114800345797806180e+00,-4.898294518723528057e+00,-5.738620615079717879e+00,-4.864421220985269301e+00
-5.162320777355756896e+00,-6.053968941622803968e+00,-5.927895029767347168e+00,-5.956764152425742864e+00,-8.678281220288919684e+00,-7.157608239159499064e+00
0.000000000000000000e+00,0.000000000000000000e+00,0.000000000000000000e+00,0.000000000000000000e+00,0.000000000000000000e+00,0.000000000000000000e+00
-1.609737953495455454e+00,-2.459576270679729504e+00,-2.293673291422047456e+00,-2.402449166238103118e+00,-2.878194297334373264e+00,-4.631228927421649821e+00
-3.158351299000000112e-01,-3.806191000000000435e-01,2.776665427407438269e+00,-3.984132610000000185e-01,-1.909899999999999931e+00,-1.000000000000000000e+00
-1.999812246117159242e+00,-2.051967500666887378e+00,-2.051370986083548065e+00,-2.012063450228194661e+00,-2.800879303793986086e+00,-2.915748658552015815e+00
-1.018862678571280433e+00,-1.061152017402365644e+00,1.356923327995473993e-02,-1.069221134182844146e+00,-1.000000000000000000e+00,-1.000000000000000000e+00
0.000000000000000000e+00,0.000000000000000000e+00,0.000000000000000000e+00,0.000000000000000000e+00,0.000000000000000000e+00,0.000000000000000000e+00
-7.903782919574199539e+00,-8.464100386195969605e+00,-8.399051028802691832e+00,-8.456210915321243249e+00,-1.081453100952317570e+01,-1.024347843483364962e+01
-3.579973894464504536e+00,-5.932960318390313681e+00,-5.962521526691054952e+00,-5.914438696715139443e+00,-6.513370913830220488e+00,-7.083326101565484478e+00
-7.232574089331300193e+00,-7.503249843914999495e+00,-7.577023036473292450e+00,-7.485751969704485198e+00,-9.214837147462436207e+00,-9.311100728849574182e+00
-4.948113562387936426e+00,-4.951295685112794054e+00,1.301074082655313546e+00,-4.775004657480304004e+00,-7.329541563172462304e+00,-6.488880677219778015e+00
0.000000000000000000e+00,0.000000000000000000e+00,0.000000000000000000e+00,0.000000000000000000e+00,0.000000000000000000e+00,0.000000000000000000e+00
-4.243678159385385840e+00,-4.104184664345301492e+00,1.140142675418190699e+00,-4.302218974602649126e+00,-9.204937791210694442e+00,-7.679057050970024889e+00
-3.044954887265402643e+00,-2.297303783623950935e+00,6.813710689659449038e+00,-3.274576484125502507e+00,-4.757139596678474192e+00,-5.609651470761856551e+00
-2.743362810945876085e+00,-5.643026500388545585e+00,-5.682597409312045045e+00,-5.737906578600954433e+00,-5.633519201368380358e+00,-6.980441438328493398e+00
-7.975834532524968878e+00,-8.904629875875386347e+00,-8.952351189346293481e+00,-8.798945612608349620e+00,-1.090900483050398329e+01,-1.093633786871840918e+01
0.000000000000000000e+00,0.000000000000000000e+00,0.000000000000000000e+00,0.000000000000000000e+00,0.000000000000000000e+00,0.000000000000000000e+00
-7.407559763872779257e+00,-8.072668483232035896e+00,-8.103563646733046966e+00,-8.088536163059242057e+00,-9.369048761757508004e+00,-1.108732740918193116e+01
-3.350173418979831563e+00,-5.916870700841023734e+00,-5.895447157675523187e+00,-5.994890850987609987e+00,-7.506349416718118839e+00,-7.666023905090066037e+00
2.105361638231644239e+00,-4.616771315050284485e+00,-4.502489642865137753e+00,-4.500023911233522078e+00,-5.530260129682138981e+00,-5.905678124814016883e+00
-3.097424012375041169e+00,-5.728421691633266200e+00,-5.877542532404989473e+00,-5.807426480492859255e+00,-8.569057481248389507e+00,-7.487506399718423467e+00
0.000000000000000000e+00,0.000000000000000000e+00,0.000000000000000000e+00,0.000000000000000000e+00,0.000000000000000000e+00,0.000000000000000000e+00
3.813025762602907598e+00,-2.547014120616419408e+00,-2.702585932649675726e+00,-2.738922237946268101e+00,-5.155630211724371748e+00,-3.823176579357377758e+00
-2.088099999999999956e-01,-1.000000000000000056e-01,1.735659488255441474e+01,-2.996108813918620384e-01,-1.000000000000000000e+00,-1.771959536632085053e-01
5.005456619765260129e+00,-2.304604747835565792e+00,-2.423011071034571806e+00,-2.294865256954166544e+00,-4.751479287115070171e+00,-5.993255889057259367e+00
9.766086608703714589e+00,-1.049895153615081567e+00,-1.141942183960523050e+00,-1.138025650843557779e+00,-1.766966081150926238e+00,-1.899999999999999911e+00
0.000000000000000000e+00,0.000000000000000000e+00,0.000000000000000000e+00,0.000000000000000000e+00,0.000000000000000000e+00,0.000000000000000000e+00
-8.876271043823880547e+00,-8.977554584886481948e+00,-8.944409631100880276e+00,-8.863804510949341520e+00,-1.260954208042099189e+01,-1.279216112823098328e+01
-6.198214371685017987e+00,-6.401089672924315188e+00,-6.278371520361369917e+00,-5.506886909506284233e+00,-8.939328655547281954e+00,-6.513322305918774369e+00
-7.807312556990376073e+00,-7.877720381651419856e+00,-7.835842385118387377e+00,-7.844820795017978021e+00,-8.742027664497337369e+00,-9.876959285620509732e+00
-3.496513675305557900e+00,-1.194565925947842500e+00,-2.763994762579453202e+00,-4.034887884242683853e+00,2.551965197821185694e+00,-7.725975919476777420e+00
0.000000000000000000e+00,0.000000000000000000e+00,0.000000000000000000e+00,0.000000000000000000e+00,0.000000000000000000e+00,0.000000000000000000e+00
-3.423804427647815452e+00,-7.884341063271098626e-01,-1.157078096437448966e+00,-3.416384228251625021e+00,2.992428147806065475e+00,-7.538425940448230556e+00
6.299020271845253705e-01,2.123530020666741347e+00,3.229581015039639791e+00,-2.197404604153124774e-01,7.126184299612095430e+00,-4.344710552444693619e+00
-5.858993420804176289e+00,-5.950203920155603399e+00,-6.069076555009687013e+00,-5.097814000250012079e+00,-8.455105779115019260e+00,-7.658063563226849446e+00
-9.321158708028535855e+00,-9.165208215617827392e+00,-9.199675605001608858e+00,-9.108882716571816474e+00,-1.112845788982598094e+01,-1.115562624069820785e+01
0.000000000000000000e+00,0.000000000000000000e+00,0.000000000000000000e+00,0.000000000000000000e+00,0.000000000000000000e+00,0.000000000000000000e+00
-8.377612177981333730e+00,-8.433114079193568813e+00,-8.378946719535642629e+00,-8.388149138690440765e+00,-9.445228796114893299e+00,-9.706450918629588642e+00
-5.111113647258858528e+00,-6.096623248793289207e+00,-6.118341888362753167e+00,-6.079518720331104298e+00,-7.461712428199980707e+00,-7.366871344219334539e+00
-2.562903244255024582e+00,-4.566171053221331100e+00,-4.600310092543749008e+00,-4.550904218006765589e+00,-5.782137613785728547e+00,-5.704618684521912009e+00
-5.888401740966552111e+00,-5.881125194570797632e+00,-5.895335348917488894e+00,-5.617585448298449080e+00,-6.528588274949063575e+00,-6.566260826981508814e+00
0.000000000000000000e+00,0.000000000000000000e+00,0.000000000000000000e+00,0.000000000000000000e+00,0.000000000000000000e+00,0.000000000000000000e+00
2.921954591671684032e+00,-4.444761024365073698e-01,-9.617879599843442984e-01,-1.993326204335124308e+00,-5.781699312762385468e+00,-1.996179834090616723e+00
1.517744506857761344e+01,1.659896042467752508e+01,1.638927055886813378e+01,1.201888469001023729e+01,8.124246071236473909e+00,1.999999999999998579e+01
5.137290909842800346e+00,-7.866157515654645938e-01,-2.034640695623686213e+00,-2.474149357694289675e-01,-6.080067081123530670e+00,-2.040694786278444806e+00
9.915847142710754625e+00,2.114890077835008153e+00,2.057697114494486446e+00,2.187959542393349111e+00,-2.056396163115416176e+00,2.464352222753643851e+00
0.000000000000000000e+00,0.000000000000000000e+00,0.000000000000000000e+00,0.000000000000000000e+00,0.000000000000000000e+00,0.000000000000000000e+00
-4.264177106731183109e+00,2.324181162760338371e+00,-4.176562959955282928e+00,-3.556291330892996427e+00,-7.653902381220896167e+00,-7.039052393398478991e+00
5.135446412696736962e-01,8.265518643673425814e+00,-1.800636420568888507e+00,3.649772146436391917e-01,-4.341584933684073278e+00,-4.577638351411332351e+00
-2.759331589991427691e+00,2.647645701822132658e+00,-3.353632733105431640e+00,-3.743720389455155839e+00,-6.321425832381107668e+00,-7.475248146589829723e+00
-8.409429632350724049e+00,-8.441473792010054211e+00,-7.569780375073563050e+00,-8.425434458274297711e+00,-9.675316372670833331e+00,-1.006741678642458560e+01
0.000000000000000000e+00,0.000000000000000000e+00,0.000000000000000000e+00,0.000000000000000000e+00,0.000000000000000000e+00,0.000000000000000000e+00
-8.334680688464825238e+00,-8.389879055445268463e+00,-8.075111220495266195e+00,-8.469118280891192896e+00,-9.773371563002800855e+00,-9.577173680674164302e+00
-4.575744377925899720e+00,-6.366125407995623320e+00,-6.368386705709611739e+00,-6.431265136781504133e+00,-9.107144657849163494e+00,-9.042053062204033154e+00
4.111730884203629088e+00,-3.728791993677871730e+00,-3.793849607228741760e+00,-3.784181852431322657e+00,-4.807336608370476050e+00,-6.191213590875177530e+00
-1.770931420345895013e+00,-6.378070722321592889e+00,-6.242837215424338559e+00,-6.119821825179762698e+00,-8.265739303216676603e+00,-8.698064180990229488e+00
0.000000000000000000e+00,0.000000000000000000e+00,0.000000000000000000e+00,0.000000000000000000e+00,0.000000000000000000e+00,0.000000000000000000e+00
-2.144892167327388036e-02,-6.348962354351942672e+00,-5.909778627365532166e+00,-5.117081982994935885e+00,-7.371319502724174910e+00,-8.136963271479094928e+00
-4.839535732626455200e+00,-7.105698776899699531e+00,-6.874631723557821594e+00,-7.082066175359095439e+00,-8.352044544824316574e+00,-8.368564712602772460e+00
-5.901133398831087007e+00,-5.849875341007614971e+00,-3.856710801913250553e+00,-5.863226362995117569e+00,-7.397874148911846248e+00,-8.255504248511655874e+00
-5.704446123867222163e+00,-7.689412317839947164e+00,-7.664863590109137981e+00,-7.668287666417468174e+00,-1.017712622133459455e+01,-9.211150242908576757e+00
0.000000000000000000e+00,0.000000000000000000e+00,0.000000000000000000e+00,0.000000000000000000e+00,0.000000000000000000e+00,0.000000000000000000e+00
1.264462070673750382e+01,1.870757358833716566e+01,8.672238227258008081e+00,1.418391873998447572e+01,5.973634170005543531e+00,4.871777049550099825e+00
7.361992659557870411e+00,3.045952475569374540e-01,-2.126415431693935432e-01,2.201093716993983929e+00,-4.119418409918519153e+00,-6.890855858970686754e+00
1.557060811765203034e+01,5.223292573525297300e+00,2.171814514403408225e+00,8.696789015783689791e+00,1.049492911981461774e+00,-1.780790568704663013e+00
9.499277465549091914e+00,1.329208424584291670e+00,1.359632192360167968e+00,-2.529788219547601802e-02,-4.569063548608943925e+00,-3.405150499991141722e+00
0.000000000000000000e+00,0.000000000000000000e+00,0.000000000000000000e+00,0.000000000000000000e+00,0.000000000000000000e+00,0.000000000000000000e+00
-5.536108833371888416e+00,-1.084020603598059518e+00,-5.354416002344339454e+00,-4.829606180735625642e+00,-7.986632413546394638e+00,-7.181941177146168087e+00
-2.808807630332466942e+00,-3.525575896695004374e+00,-3.398356014204571451e+00,5.914770526730587896e+00,-3.653746266517534647e+00,-5.607602729138831066e+00
-4.408634043027382710e+00,-4.170517729526677542e+00,-3.487374635752191754e+00,-5.088785584243287197e-01,-6.228459462825963300e+00,-7.944574832513542795e+00
-6.067942563805224232e+00,-8.028881331070376604e+00,-7.962585317443426902e+00,-8.086306902216536585e+00,-9.338370894817980883e+00,-1.116869295986358068e+01
0.000000000000000000e+00,0.000000000000000000e+00,0.000000000000000000e+00,0.000000000000000000e+00,0.000000000000000000e+00,0.000000000000000000e+00
-6.160901266396006548e+00,-8.069665480748597020e+00,-7.934023134070891992e+00,-8.068519204582230486e+00,-9.143125225025627856e+00,-8.288003522769882281e+00
-2.040259287872939087e+00,-5.881374991513692585e+00,-6.050144576733896606e+00,-6.032180831516609665e+00,-8.137010870503749160e+00,-8.101085618873941741e+00
2.063633926876463853e+00,-4.057126388381277593e+00,-4.032452667025161475e+00,-3.991753306202102891e+00,-5.601445929822817860e+00,-7.086138148256996949e+00
-4.390776223680322943e+00,-6.683957729545822346e+00,-6.651540465387462575e+00,-6.862625801776933265e+00,-8.098987981660748403e+00,-8.174767757708520932e+00
0.000000000000000000e+00,0.000000000000000000e+00,0.000000000000000000e+00,0.000000000000000000e+00,0.000000000000000000e+00,0.000000000000000000e+00
-5.351885266122713425e+00,-5.938233692581722956e+00,-5.930077114953270723e+00,-2.567308009792443890e+00,-8.251748822110650750e+00,-8.940451877333225994e+00
-4.117140012943839800e+00,-7.474374860549876765e+00,-6.859455507224158310e+00,-6.780515124983944375e+00,-9.185910494980728203e+00,-7.427579994375776096e+00
-8.599346359269488538e-01,-5.659641282211510749e+00,-5.030155373195233537e+00,-5.678911084229106621e+00,-7.443289638493510552e+00,-6.752753257448707913e+00
-3.954214553717814606e+00,-7.599119013701378655e+00,-7.318353717652792412e+00,-7.431084367157788861e+00,-8.176977996750681044e+00,-9.233856257505086873e+00
0.000000000000000000e+00,0.000000000000000000e+00,0.000000000000000000e+00,0.000000000000000000e+00,0.000000000000000000e+00,0.000000000000000000e+00
9.663299664186261184e-01,-3.341979999999999951e-01,1.120351607446852471e+00,1.612906532505817481e+01,-3.921244490838780017e-01,-1.646627380135829100e+00
7.081676753997670382e+00,-2.492187114241743551e+00,-2.176641162817912090e+00,-2.226288673660491213e+00,-3.811093084655338359e+00,-3.658342869747345460e+00
-1.053297691539061942e+00,-1.148662480724627510e+00,-1.196532110265297266e+00,9.150297978418880263e+00,-1.956321531384787038e+00,-1.899999999999999911e+00
9.525973727610445252e+00,-1.866570017799376480e+00,-1.837637551449430973e+00,-8.429069970136289225e-01,-3.471573989018976292e+00,-2.668778294323607803e+00
0.000000000000000000e+00,0.000000000000000000e+00,0.000000000000000000e+00,0.000000000000000000e+00,0.000000000000000000e+00,0.000000000000000000e+00
-4.978799281656118403e+00,-7.824496845788416088e+00,-8.046895086101864436e+00,-7.497424562853526098e+00,-9.295396789823124450e+00,-9.033884102200440580e+00
5.389033656258954696e-01,-5.525313803872142771e+00,-5.294457387677863558e+00,-5.368312935621617044e+00,-6.528836075220521451e+00,-6.481286816351114588e+00
-3.762014873550489025e+00,-6.764428267160433883e+00,-7.004414170879735835e+00,-6.700732968156927427e+00,-1.125855298448220054e+01,-8.225970693175003845e+00
-6.056721784694592436e+00,-5.669140095542378077e+00,-3.266326082468798297e+00,-5.643115311530334743e+00,-7.705581239630332924e+00,-7.481865842837043701e+00
0.000000000000000000e+00,0.000000000000000000e+00,0.000000000000000000e+00,0.000000000000000000e+00,0.000000000000000000e+00,0.000000000000000000e+00
-5.597952863701524784e+00,-1.388573606678929595e+00,-4.991122459225827868e+00,-5.529860670230670294e+00,-6.909924810029292708e+00,-7.235874881892218724e+00
-4.199064146508422191e+00,-3.922469148470850264e+00,-1.084891458006171483e+00,-3.964346449969020192e+00,-7.038250238457245622e+00,-6.812380396372638813e+00
7.474584867308576852e-01,-5.253092544611491554e+00,-5.170454602337974492e+00,-4.686472857790859869e+00,-8.260196341483455384e+00,-6.568926164678237534e+00
-4.457618524095462220e+00,-8.188526383588929036e+00,-8.079264204410600669e+00,-7.932814680282120001e+00,-9.185321009544654913e+00,-9.171442536406905433e+00
0.000000000000000000e+00,0.000000000000000000e+00,0.000000000000000000e+00,0.000000000000000000e+00,0.000000000000000000e+00,0.000000000000000000e+00
-3.537937536946803352e+00,-7.516471627680385126e+00,-7.707554486626191803e+00,-7.438809149570039914e+00,-9.249109791417948756e+00,-9.446943833526500356e+00
-5.866053444271842388e+00,-5.932575169838464113e+00,-2.982151048030836193e+00,-5.863471022534799459e+00,-8.096027558688394521e+00,-8.408188835948248396e+00
-3.726736223788082114e+00,-4.456732070040516192e+00,-5.682109527954765094e-01,-4.536545476089985485e+00,-4.667871171683167120e+00,-5.515474307386011965e+00
-2.436475395785895781e+00,-5.724405961203550497e+00,-5.311237734875480676e+00,-5.569867880704992835e+00,-8.775192080383842352e+00,-6.674029401939447048e+00
0.000000000000000000e+00,0.000000000000000000e+00,0.000000000000000000e+00,0.000000000000000000e+00,0.000000000000000000e+00,0.000000000000000000e+00
1.008474763888338188e+01,-1.966036733924622526e+00,-1.928349460460022646e+00,-1.831686032759733962e+00,-3.418559233760421812e+00,-2.671491682676319535e+00
-5.926908691279636487e-01,-4.672564477570444463e-01,1.257705054879771467e+01,-5.424154826423315257e-01,-1.000000000000000000e+00,-1.000000000000000000e+00
8.562538563339062492e+00,-1.712343813030996253e+00,-1.762735728055849105e+00,-1.807949900028979595e+00,-3.525407341688365559e+00,-4.396456355897248258e+00
1.114497561493658573e+01,-9.164936825074712079e-01,-9.940364914467501034e-01,-8.597629909300116280e-01,-2.776306475601190371e+00,-2.157974222333965297e+00
0.000000000000000000e+00,0.000000000000000000e+00,0.000000000000000000e+00,0.000000000000000000e+00,0.000000000000000000e+00,0.000000000000000000e+00
-8.007917219565550582e+00,-8.041949041514914853e+00,-8.189999323910214457e+00,-6.347439660315952636e+00,-9.978612690598174240e+00,-1.021783112101751989e+01
-8.005961823476059891e-01,-5.481638417108928962e+00,-5.698540665633195168e+00,-5.434613388634285336e+00,-6.334541702414628439e+00,-7.909698303161118993e+00
-7.174494355883276775e+00,-7.251654480618104692e+00,-7.270848739742704403e+00,-5.691106647771853488e+00,-7.583799340608308626e+00,-9.397402590563920910e+00
-5.625186143107491432e+00,-3.831306287452417969e+00,-3.170716542707205376e-01,-5.568759763943235797e+00,-7.750120506816101873e+00,-9.673956872147224217e+00
0.000000000000000000e+00,0.000000000000000000e+00,0.000000000000000000e+00,0.000000000000000000e+00,0.000000000000000000e+00,0.000000000000000000e+00
-5.299907485918955885e+00,-1.649013684043815903e-02,-5.035974166811840291e+00,-4.872211554435470049e+00,-7.321769988934695661e+00,-8.486459382069192259e+00
-3.216039838998608680e+00,3.596977790172814160e+00,-3.685002463431852338e+00,-3.589755495485083880e+00,-5.944711999350083431e+00,-5.379290385004336095e+00
-1.019572617031314410e+00,-5.500586920769329424e+00,-5.385163971486580436e+00,-5.425564162362574550e+00,-7.352729886801305348e+00,-6.598385811453240102e+00
-8.243153454812945924e+00,-8.466589894510848424e+00,-8.439624866111666179e+00,-6.201306557416731202e+00,-9.267602508632258207e+00,-1.005840477375462960e+01
0.000000000000000000e+00,0.000000000000000000e+00,0.000000000000000000e+00,0.000000000000000000e+00,0.000000000000000000e+00,0.000000000000000000e+00
-7.741575831670756358e+00,-7.804242078476289812e+00,-7.780538476861389441e+00,-5.152195512701117863e+00,-9.475872745232747363e+00,-1.073330538625995523e+01
-7.551239892331754744e-01,-5.661953879193514005e+00,-5.660895380583698788e+00,-5.814395411776295930e+00,-7.171322286809635571e+00,-7.719089151049967512e+00
2.630283781203636817e+00,-4.034243545665736619e+00,-4.139142169337461041e+00,-4.083898136251345790e+00,-6.871543893055795493e+00,-6.616869983042864334e+00
3.374014925239013363e-02,-5.463593171725577236e+00,-5.374052245402898720e+00,-5.262878817813052557e+00,-8.021285192005899845e+00,-7.027145845797602597e+00
0.000000000000000000e+00,0.000000000000000000e+00,0.000000000000000000e+00,0.000000000000000000e+00,0.000000000000000000e+00,0.000000000000000000e+00
7.736424409333011454e+00,-7.987866844840496583e-01,1.306955154500191840e+00,3.330750375038129096e+00,-3.268745633223151703e+00,-3.351896087438719363e+00
5.627621636825328899e+00,8.800876431372817166e+00,1.728984359236723378e+01,6.847164226002385057e+00,3.545600100403249577e+00,4.633103433276296812e+00
9.382013560567697752e+00,-7.809227573931102340e-01,3.970036556236119507e-01,3.279896282736030066e-01,-4.404732549011844078e+00,-2.204736514267831016e+00
1.391768778148792407e+01,3.721398836237656660e+00,3.767509627071949030e+00,1.980540306136598705e+00,1.006173105650738586e+00,9.142188641842435848e-01
0.000000000000000000e+00,0.000000000000000000e+00,0.000000000000000000e+00,0.000000000000000000e+00,0.000000000000000000e+00,0.000000000000000000e+00
-8.506284080557508176e+00,-8.892446881928384173e+00,-8.484680187547878560e+00,-7.902660643679636721e+00,-1.153907646622779204e+01,-9.167520877155565628e+00
-5.580824529709617288e+00,-6.171664137250076010e+00,-6.051722539130246048e+00,-4.457723232314044104e+00,-7.463465913825707787e+00,-6.096162246087258652e+00
-7.195646701936913914e+00,-7.565664370956819873e+00,-7.627983059941729316e+00,-7.650299425588290347e+00,-8.575256447736361309e+00,-8.449708003005495627e+00
-4.201035995484942553e+00,1.115512733181168503e+00,-3.433856081452983489e+00,-4.256461687434281771e+00,-8.887533964314503265e+00,-7.443755692767407339e+00
0.000000000000000000e+00,0.000000000000000000e+00,0.000000000000000000e+00,0.000000000000000000e+00,0.000000000000000000e+00,0.000000000000000000e+00
-4.763422394102273749e+00,4.789700317066424295e-01,-4.688991626440638605e+00,-4.888362875766076421e+00,-6.746401966194434330e+00,-5.581836781107802459e+00
-2.226262311277036332e+00,5.028167103364908463e+00,-1.631473738214317404e+00,-2.409901009544493267e+00,-5.560537597649985564e+00,-4.910917732354685761e+00
-4.631714977595119187e+00,-5.698999978068379768e+00,-5.772585944319297724e+00,-5.637693019067654632e+00,-6.685307860966730686e+00,-7.252835216548286112e+00
-8.816207654537329574e+00,-8.853018247680836339e+00,-8.842635299404946636e+00,-7.965216587255206981e+00,-1.129918959146770874e+01,-1.134608052393138600e+01
0.000000000000000000e+00,0.000000000000000000e+00,0.000000000000000000e+00,0.000000000000000000e+00,0.000000000000000000e+00,0.000000000000000000e+00
-7.761627911638703914e+00,-8.078544377359230921e+00,-8.102336124088964198e+00,-8.061446494055511280e+00,-9.035578161235889638e+00,-1.008485619328689609e+01
-2.631239149807957478e+00,-5.752848144917797057e+00,-5.594804990329507177e+00,-5.635908197702318212e+00,-7.000858305951874527e+00,-7.397776675683371828e+00
-4.157688088187143194e+00,-4.188074742406491247e+00,-4.126877822991907863e+00,6.043562061252414352e-01,-6.338073015493471019e+00,-5.772315008802823222e+00
-5.286115566971606228e+00,-5.409151051892026274e+00,-5.374252681238124829e+00,-3.144101498872430955e+00,-8.144592469487285769e+00,-8.883471292120177054e+00
0.000000000000000000e+00,0.000000000000000000e+00,0.000000000000000000e+00,0.000000000000000000e+00,0.000000000000000000e+00,0.000000000000000000e+00
-6.093767014557714967e-01,1.273644289644900729e-01,5.145417469713212677e-01,5.499956259986300999e+00,-6.460002958035944154e+00,-4.911908182181489835e+00
1.058144901146251726e+01,1.786421338932658287e+01,1.480790308291942559e+01,1.013336501412688584e+01,3.616094481839171149e+00,6.377621315425283655e+00
5.840198024982196090e-01,-1.063265180614894501e+00,1.693450496476505140e+00,7.952655094339208475e+00,-4.333321849449992769e+00,-4.991166124277397920e+00
2.800042672576304348e+00,1.943789342185214153e+00,5.063508975557849290e+00,1.270743849907746004e+01,-1.829306525523413329e+00,-2.899415341231349474e-01
0.000000000000000000e+00,0.000000000000000000e+00,0.000000000000000000e+00,0.000000000000000000e+00,0.000000000000000000e+00,0.000000000000000000e+00
-5.091728921810358521e+00,8.555420973270854157e-01,-4.936011634517513791e+00,-3.918583057238833600e+00,-8.537417147775824944e+00,-1.010600901834723153e+01
-1.531664133231849689e+00,6.933211798009715210e+00,-1.451131469268860164e+00,-7.980867625648735419e-02,-4.581105896937896382e+00,-5.566397380377131832e+00
-4.871778817553502172e+00,1.058183244925861244e+00,-4.832737507512727682e+00,-4.873049074102911327e+00,-7.935395352613561215e+00,-7.045484961417749936e+00
-8.124688396567561810e+00,-8.245013819051839832e+00,-5.929232310739760869e+00,-8.124886916739942677e+00,-9.453387895319574241e+00,-9.660131068266801790e+00
0.000000000000000000e+00,0.000000000000000000e+00,0.000000000000000000e+00,0.000000000000000000e+00,0.000000000000000000e+00,0.000000000000000000e+00
-8.094360286747461330e+00,-8.031256347708884746e+00,-6.889980594522958413e+00,-8.060223164559857878e+00,-8.372931783038380260e+00,-9.667839790720822890e+00
-6.031229479415731731e+00,-6.047234021863300057e+00,-1.586858476173172328e+00,-6.001628096539049828e+00,-7.431689114343861924e+00,-6.844228420269369728e+00
6.179565595144942414e+00,-6.960437252560156551e-01,-2.305226493425546863e+00,-7.817768273900810305e-02,-7.532014849142038670e+00,-5.068177094697817076e+00
-7.920556736241692042e-02,-4.326389461014938931e+00,-5.026372426931949633e+00,-5.126029068242766051e+00,-8.607561299448658332e+00,-9.090717486465427655e+00
0.000000000000000000e+00,0.000000000000000000e+00,0.000000000000000000e+00,0.000000000000000000e+00,0.000000000000000000e+00,0.000000000000000000e+00
1.287282962724868085e+00,-4.830994626013712434e+00,-4.282423577812320303e+00,-4.641671258472147343e+00,-7.654303513819018079e+00,-8.696306240318282477e+00
-6.907093716262613370e+00,-7.003864502086265986e+00,-3.196655101928139064e+00,-6.921229224832710081e+00,-9.421536906752747242e+00,-8.369431161194123447e+00
-5.920010838195508107e+00,-6.012238475636126900e+00,-1.426987384180794238e-01,-5.806713073090645771e+00,-7.477895846579862393e+00,-7.793365765487801688e+00
-7.434099987006131727e+00,-7.584411913213354062e+00,-3.130035592272610856e+00,-7.375831111197661549e+00,-8.592847543888504802e+00,-8.288119532559974800e+00
0.000000000000000000e+00,0.000000000000000000e+00,0.000000000000000000e+00,0.000000000000000000e+00,0.000000000000000000e+00,0.000000000000000000e+00
1.073031039826200939e+01,1.647958758852928796e+01,1.176412427444329012e+01,1.036745338892432144e+01,4.683885599542361611e+00,4.914493680530410025e+00
2.125910418823138581e+00,2.925125933422127567e+00,8.801752756571330494e+00,4.004501860593483897e+00,-3.599666585586036138e+00,-2.573196647673642090e+00
1.697529452239505687e+01,9.926082294548177032e+00,1.029276255510472815e+01,9.582230967787408460e+00,4.816493892466228388e+00,4.641668549290208112e+00
3.285440615765699235e+00,1.889887204867403803e+00,9.289743863231780807e+00,6.114209687959004214e+00,-1.750289891625502081e+00,-1.621371929485500463e+00
0.000000000000000000e+00,0.000000000000000000e+00,0.000000000000000000e+00,0.000000000000000000e+00,0.000000000000000000e+00,0.000000000000000000e+00
-6.052517975314501975e+00,-5.913477899997589660e+00,-6.136273124163952986e+00,-9.750390001174372712e-01,-8.393814646370751476e+00,-9.142563473150064013e+00
-2.316099535476838778e+00,-1.928173216969530257e+00,-3.829548917895319704e+00,5.712230683760545880e+00,-6.978081830188399337e+00,-6.724538289558551263e+00
-5.483441042160370316e+00,-1.214998034430379459e+00,-5.094247730671965790e+00,-3.154573470034396365e+00,-9.005665857832305221e+00,-7.858337110760738931e+00
-7.605431055774379168e+00,-7.620664567476087115e+00,-5.060042223651044502e+00,-7.712648382824867532e+00,-1.041145561111690832e+01,-9.082052103772603857e+00
0.000000000000000000e+00,0.000000000000000000e+00,0.000000000000000000e+00,0.000000000000000000e+00,0.000000000000000000e+00,0.000000000000000000e+00
-7.397549177807170473e+00,-7.359254494893357368e+00,-4.548477259642984549e+00,-7.532571007783012362e+00,-8.449079896945153934e+00,-8.315049435926129107e+00
-5.223704949587264501e+00,-5.807186868838278393e+00,-9.634147341295387079e-01,-5.481439472660454726e+00,-7.945557612567139216e+00,-6.006098822569740925e+00
-1.311144505061444976e+00,-2.247136132709106615e+00,-2.076305905037433952e+00,2.454546281571718946e+00,-5.455374410984399347e+00,-6.766335201317138726e+00
-6.332255475702254444e+00,-6.267233803208670295e+00,-7.011348455277672365e+00,-1.633183957765917516e+00,-1.055590255395196486e+01,-1.145745636187156258e+01
0.000000000000000000e+00,0.000000000000000000e+00,0.000000000000000000e+00,0.000000000000000000e+00,0.000000000000000000e+00,0.000000000000000000e+00
-5.846129214628830617e+00,-6.020070135484827389e+00,-6.075894837615784638e+00,1.720010216597423480e-01,-9.318817716106540416e+00,-8.110445732072298242e+00
-6.173619388415493958e+00,-6.223768748441153242e+00,-2.570898417549769110e+00,-6.381524811829551780e+00,-8.048887531425428676e+00,-9.390661433400376623e+00
-5.246823979901574120e+00,-5.162890229485692650e+00,1.030343474914740654e+00,-4.882793736845797206e+00,-8.046460255295233566e+00,-8.270677859463603454e+00
-7.074767680322606722e+00,-7.280134133336920499e+00,-8.365962582789338020e-01,-7.064072361670872269e+00,-9.969376634198205522e+00,-9.453859578606225611e+00
0.000000000000000000e+00,0.000000000000000000e+00,0.000000000000000000e+00,0.000000000000000000e+00,0.000000000000000000e+00,0.000000000000000000e+00
2.746957426569520244e+00,1.180582342667498708e+01,6.698301104415194551e+00,1.481226809228739505e+01,2.512724002303702520e+00,2.039893552541563793e+00
1.299673143494568528e+00,2.251529945035048108e+00,1.008956987862464061e+01,3.571017262609291976e+00,-1.744363092534392035e+00,-1.520074076074059199e+00
3.188798465254541359e+00,1.376301053123750062e+00,6.465327390383216688e+00,1.323772659787919181e+01,1.817945256966607248e+00,1.809572808033732993e+00
1.940934172311900685e+00,3.618136722090334878e+00,1.282697957555876833e+01,5.681530330657150962e+00,-6.157090227303436691e-01,-1.041827758089118205e+00
0.000000000000000000e+00,0.000000000000000000e+00,0.000000000000000000e+00,0.000000000000000000e+00,0.000000000000000000e+00,0.000000000000000000e+00
-7.149155093294881524e+00,-7.430938125769645630e+00,-7.456905346980307492e+00,-2.632664140095039240e+00,-9.433287613060951315e+00,-9.725778976298045109e+00
-3.601210255118823866e+00,-4.091134190351607636e+00,-4.057510283804752760e+00,4.341244548822639437e+00,-6.510083739325157381e+00,-5.942014161762659619e+00
-6.019570962003867542e+00,-6.337500058564593530e+00,-5.981391402250869405e+00,-2.385277361005520014e+00,-8.600280870087789964e+00,-8.715618507195118880e+00
-6.689125932446541967e+00,-3.656710663831452379e+00,-6.346177806908174013e+00,-6.574410295977818564e+00,-9.907326047969121419e+00,-8.946126891561950956e+00
0.000000000000000000e+00,0.000000000000000000e+00,0.000000000000000000e+00,0.000000000000000000e+00,0.000000000000000000e+00,0.000000000000000000e+00
-6.508162606145009299e+00,-3.196599045643610637e+00,-6.318707318248048210e+00,-6.415630789092264585e+00,-1.004502714785191131e+01,-1.068676539022432159e+01
-4.459259677117624499e+00,-4.707545621861827456e+00,1.674174041835709836e-01,-4.235823359151716261e+00,-5.683704807698192418e+00,-6.571192114674934359e+00
-4.237654505601102350e+00,-3.489300900475942768e+00,-4.583745464023392557e+00,1.040073506011895965e+00,-7.346109182278781624e+00,-6.483708184893044901e+00
-7.346524524422514801e+00,-7.420832798669769304e+00,-7.440371075004057033e+00,-2.623360549340171932e+00,-9.874379742346830469e+00,-9.075722494206155844e+00
0.000000000000000000e+00,0.000000000000000000e+00,0.000000000000000000e+00,0.000000000000000000e+00,0.000000000000000000e+00,0.000000000000000000e+00
-6.984530532306783002e+00,-6.617815318116718970e+00,-6.314632093177801053e+00,-1.075530822274200160e+00,-1.000564581372244177e+01,-8.032702430232756541e+00
-5.224838227973865656e+00,-5.491654074750192294e+00,-8.057239669367031176e-01,-5.787170838897228720e+00,-7.718926648289523129e+00,-8.081041328832540671e+00
-3.736341188369984412e+00,-3.775806376410690834e+00,3.466019207894946330e+00,-3.723202451945600622e+00,-7.010933705191718879e+00,-9.421216624307078291e+00
-5.393593422564729067e+00,-6.164786904757096231e+00,1.089851915022481244e+00,-5.348432736341095506e+00,-8.701984315118160396e+00,-1.112325998558915607e+01
0.000000000000000000e+00,0.000000000000000000e+00,0.000000000000000000e+00,0.000000000000000000e+00,0.000000000000000000e+00,0.000000000000000000e+00
2.312099370181531111e+00,4.048517865510954827e+00,4.986089062606227529e+00,1.263212892763963247e+01,-2.956755657378896118e-01,-1.221381633745100226e+00
2.043243207029261654e+00,6.905654386512785514e+00,1.352399777745011988e+01,5.482671710152878575e+00,8.980500878018989885e-01,-6.622647955397493735e-01
-1.717664899969227332e-01,2.643265166377369191e+00,5.068645620047752764e+00,1.041879191652487080e+01,1.005891811750440068e-01,-1.162864413320756185e+00
4.179452158519488592e+00,4.328013530298145284e+00,1.411392365007281668e+01,7.479637974294889524e+00,-4.571571911866020854e-01,9.295365052639565917e-01
0.000000000000000000e+00,0.000000000000000000e+00,0.000000000000000000e+00,0.000000000000000000e+00,0.000000000000000000e+00,0.000000000000000000e+00
-7.913484434176106141e+00,-7.714028191034268289e+00,-7.755485298649277048e+00,-4.023973042995076632e+00,-1.208506611712230594e+01,-1.020856520517813593e+01
-5.480031174703010599e+00,-5.524319850335377424e+00,-4.625392855257391744e+00,1.270807542637845344e+00,-7.687603609614376055e+00,-6.621030619316877974e+00
-6.878856565236852738e+00,-6.835237971193016904e+00,-6.969837007546120233e+00,-3.994537453263012239e+00,-1.019483001843287795e+01,-1.009139029554756739e+01
-6.219075909735280128e+00,-6.132321321321247964e+00,-2.752070131189574997e+00,-6.265816352699292047e+00,-8.337170483183516723e+00,-7.528208660464034807e+00
0.000000000000000000e+00,0.000000000000000000e+00,0.000000000000000000e+00,0.000000000000000000e+00,0.000000000000000000e+00,0.000000000000000000e+00
-5.611373336832961911e+00,-2.410536902643724222e+00,-5.596157171772738081e+00,-5.657298606574222788e+00,-7.243364001429601906e+00,-8.786083748275867578e+00
-3.496302865882467970e+00,-2.406762191982567245e+00,2.934859355881240361e+00,-3.842722705936476135e+00,-7.376813292477423012e+00,-5.872470291287691602e+00
-5.089873233133183739e+00,-5.214941251745725204e+00,-5.158403690601836011e+00,5.311102408893734195e-01,-6.363788894662125273e+00,-7.044028021688512275e+00
-8.277954739218287727e+00,-8.455024697998425154e+00,-8.192412179761854318e+00,-4.884923230655664028e+00,-9.569478074047944816e+00,-1.145510623270060790e+01
0.000000000000000000e+00,0.000000000000000000e+00,0.000000000000000000e+00,0.000000000000000000e+00,0.000000000000000000e+00,0.000000000000000000e+00
-7.212094069525034179e+00,-7.248524586231194000e+00,-7.635429349838812385e+00,-2.493713802585820538e+00,-9.062928811026745635e+00,-1.009354912174155317e+01
8.250474067662478816e-01,-4.654797429079144955e+00,-3.870994703628881428e+00,-3.994133681866490537e+00,-7.340907558031994462e+00,-8.870240835767459586e+00
4.804981542607457357e+00,-2.635848838226686031e+00,-3.478673044564556172e+00,-3.059668281283986602e+00,-5.678725109796268988e+00,-6.323939557465531713e+00
2.507502708630621857e+00,-4.608917472602822585e+00,-3.976109109723562796e+00,-4.692073932023397731e+00,-8.799754830426811836e+00,-9.259890711364510807e+00
0.000000000000000000e+00,0.000000000000000000e+00,0.000000000000000000e+00,0.000000000000000000e+00,0.000000000000000000e+00,0.000000000000000000e+00
4.430355710717591045e+00,4.390214459052982576e+00,1.549049700501360372e+00,1.066854653421383325e+01,-1.920932008218570575e+00,-2.075037381000348624e+00
8.879777752988237793e+00,1.553938305945696818e+01,1.229460718868708291e+01,9.729106986671762769e+00,2.707742852250354382e+00,1.762938999652898797e+00
4.654505934039158355e+00,2.691127254362458920e+00,1.111214703750423638e+00,1.003325053726485905e+01,-2.068476493615093226e+00,-1.477471039942700237e+00
1.624014740148094660e+01,9.136753513328072174e+00,8.653179697984189289e+00,1.036576931095993714e+01,4.015995941051148321e+00,3.338310630500591181e+00
0.000000000000000000e+00,0.000000000000000000e+00,0.000000000000000000e+00,0.000000000000000000e+00,0.000000000000000000e+00,0.000000000000000000e+00
-8.422018487038556600e+00,-8.463352515886544580e+00,-8.521541806003661179e+00,-7.356750117708232395e+00,-9.179392274381555694e+00,-1.158439259066680194e+01
-5.867500588556179508e+00,-5.809382473577004546e+00,-5.843790333895491074e+00,-6.460582871627468249e-01,-8.194661848379814373e+00,-7.204650375712031263e+00
-7.400398524334057093e+00,-7.191438222450215356e+00,-7.301977733923521896e+00,-5.245543386299457822e+00,-8.267943404072864766e+00,-9.941213507724260268e+00
-5.696409171715566266e+00,-3.556097583983854338e-01,-5.946220154455650331e+00,-5.865608486165070801e+00,-6.731332401759502204e+00,-7.925540409203177816e+00
0.000000000000000000e+00,0.000000000000000000e+00,0.000000000000000000e+00,0.000000000000000000e+00,0.000000000000000000e+00,0.000000000000000000e+00
-5.658896513832731401e+00,-1.796098522028048539e+00,-5.471069220411329148e+00,-5.371346117311556867e+00,-7.964093815912941743e+00,-7.404784787679427716e+00
-2.803597606361106553e+00,4.225021976789872902e+00,-2.619337888223987498e+00,-2.421746033643020990e+00,-5.915633071357286887e+00,-6.956955202598897436e+00
-5.572209076388461746e+00,-5.524997448340021933e+00,-5.513851595289402496e+00,-7.388526116434379620e-01,-5.610681633362491816e+00,-7.875943925187428363e+00
-8.558060512014856513e+00,-8.615438033869436296e+00,-8.556986840960815854e+00,-7.188845000543045316e+00,-8.739343816389723685e+00,-1.093908998497840912e+01
0.000000000000000000e+00,0.000000000000000000e+00,0.000000000000000000e+00,0.000000000000000000e+00,0.000000000000000000e+00,0.000000000000000000e+00
-7.904229811203098421e+00,-7.888527800699649539e+00,-7.658735470877923390e+00,-5.438079535433673506e+00,-1.019966135814494201e+01,-1.109836883743570723e+01
-4.533436442405003319e+00,-5.166437166662349867e+00,-4.888615667813137833e+00,-1.804053772114746212e-01,-9.242484157669696998e+00,-8.728010931157124119e+00
2.006513221940860459e-01,-4.004805921563669102e+00,-4.044166481533921775e+00,-3.964506391904590199e+00,-5.763617923539336552e+00,-6.573116255594428026e+00
-5.247527200185317042e+00,-5.006897025304354543e+00,-4.964456036861000676e+00,-8.911849531239507405e-02,-5.648276486684980391e+00,-7.236293377290980544e+00
0.000000000000000000e+00,0.000000000000000000e+00,0.000000000000000000e+00,0.000000000000000000e+00,0.000000000000000000e+00,0.000000000000000000e+00
-2.278648157365026794e+00,-2.447039426987295485e+00,-2.402095054622265025e+00,5.953119936553649794e+00,-4.611395451235355658e+00,-3.714694461977651407e+00
-4.156691867200000279e-01,1.505271808343662343e+01,6.760902813580956794e-01,1.381650312264731228e+00,3.092441195905982765e-01,-1.357471725604473045e+00
-2.054892027534571675e+00,-2.071633343098068014e+00,-2.099936073796585756e+00,7.264885122921909577e+00,-3.806395694731679935e+00,-5.044700702797733527e+00
-5.801542252698538293e-01,-6.600608752813904578e-01,-6.793528493034350912e-01,1.329766595901214821e+01,-1.000000000000000000e+00,-2.749626909931815799e+00
0.000000000000000000e+00,0.000000000000000000e+00,0.000000000000000000e+00,0.000000000000000000e+00,0.000000000000000000e+00,0.000000000000000000e+00
-5.697690463799621519e+00,-2.015321591816032321e+00,-5.739627231027712995e+00,-5.649344666307818841e+00,-7.396201954428351044e+00,-8.012894230067583834e+00
-3.690519856652333175e+00,5.182724594973810106e+00,-3.402976141595332571e+00,-2.634935251302687576e+00,-6.311279585730956043e+00,-3.972743172164761027e+00
-5.402741592812309257e+00,-1.487507919267560652e+00,-5.480337108576072147e+00,-5.197295397191409982e+00,-7.681952559297761773e+00,-8.101518389315693014e+00
-8.809090366306636000e+00,-7.721889292854131170e+00,-8.726951278214020391e+00,-8.780254719217628789e+00,-1.050782385608648006e+01,-9.209047740517942060e+00
0.000000000000000000e+00,0.000000000000000000e+00,0.000000000000000000e+00,0.000000000000000000e+00,0.000000000000000000e+00,0.000000000000000000e+00
-8.420256505741024355e+00,-8.183514542646287637e+00,-8.396589686083425264e+00,-8.594674495649497814e+00,-9.492324247279281479e+00,-8.813191068463957834e+00
-6.507795522825511547e+00,-3.587996723263314092e+00,-6.542599071019389534e+00,-6.656528077073952332e+00,-7.390239681202039890e+00,-6.620257772701480192e+00
7.595628883666966757e+00,-2.794089904898456878e-01,2.059882463819631138e+00,2.258678054159562798e+00,-5.195267352738761168e+00,-3.995307076312806238e+00
1.055696329369320452e+00,-3.461276838047885551e+00,-2.120785850180822774e+00,-1.402710483755341686e+00,-8.826983155901098499e+00,-7.576915040299055271e+00
0.000000000000000000e+00,0.000000000000000000e+00,0.000000000000000000e+00,0.000000000000000000e+00,0.000000000000000000e+00,0.000000000000000000e+00
2.740198549554721197e+00,-3.281094055253288122e+00,-2.961231122715046293e+00,-2.503902655655844356e+00,-7.234070969676303697e+00,-5.784811808703086200e+00
-7.368411005270507630e+00,-5.161444403782629031e+00,-7.342421622491136723e+00,-7.314995538006530573e+00,-9.995072084294198689e+00,-1.005406586050245643e+01
-6.356462918588578148e+00,-2.956105292337271706e+00,-6.097921428358597851e+00,-6.284299508946918245e+00,-9.503475438133961006e+00,-7.400582691861989915e+00
-7.771194305719427931e+00,-5.347036675002359907e+00,-7.678534912052220385e+00,-7.861347167643113920e+00,-9.908256385260923338e+00,-9.098757062469886137e+00
0.000000000000000000e+00,0.000000000000000000e+00,0.000000000000000000e+00,0.000000000000000000e+00,0.000000000000000000e+00,0.000000000000000000e+00
5.271124624003890702e+00,1.517863266469989902e+01,2.592832855037690010e+00,7.571962637908909777e+00,1.949504976527286715e+00,-2.057455305210805996e+00
-2.431804691147720354e-01,6.349188953536923918e+00,6.107684142630189772e-01,9.911088863958525952e-01,-4.106671685820736606e+00,-4.999628604319433123e+00
1.863674739719446904e+01,1.310345868790773061e+01,1.198974713726460273e+01,1.514919755884013597e+01,7.063823921928690908e+00,6.378410436312034193e+00
6.696215284834626802e-01,7.777191775937566831e+00,9.190265661765670835e-01,2.101298220926201665e+00,-2.986301213921834119e+00,-3.534028962603615209e+00
0.000000000000000000e+00,0.000000000000000000e+00,0.000000000000000000e+00,0.000000000000000000e+00,0.000000000000000000e+00,0.000000000000000000e+00
-6.866259325303354366e+00,-3.157754378594310296e+00,-6.915110738696920833e+00,-6.654959565041963288e+00,-7.906299917695474910e+00,-8.322246312707687110e+00
-4.464840423102505618e+00,1.861180954381379760e+00,-4.512673065424460894e+00,-4.651465412782094688e+00,-5.686591655419927172e+00,-5.695668476515479028e+00
-5.966738311928216021e+00,-2.570224040441039470e+00,-6.095689955512417768e+00,-5.859673138786916091e+00,-9.636299291167373937e+00,-6.899745606238793627e+00
-7.676153690350184355e+00,-6.564249199866051043e+00,-7.442530480347395283e+00,-7.765794392454711925e+00,-9.181639570131332917e+00,-9.185456061411832351e+00
0.000000000000000000e+00,0.000000000000000000e+00,0.000000000000000000e+00,0.000000000000000000e+00,0.000000000000000000e+00,0.000000000000000000e+00
-7.386936484168013628e+00,-7.396606092785886766e+00,-6.813036251201580740e+00,-7.430598524199820254e+00,-8.965941169578380610e+00,-8.408188979216019376e+00
-5.566586823807693207e+00,-2.618404979357424889e+00,-5.232756798729268688e+00,-5.484957524010704688e+00,-6.581361609962675274e+00,-7.436429783515190906e+00
-4.484777756800206738e+00,1.806349688424020217e+00,-4.448789575922650563e+00,-3.975251063405597307e+00,-8.392702799402211866e+00,-6.797976950511835703e+00
-7.301483483847165168e+00,-3.564940945982927101e+00,-7.134353163101982531e+00,-7.246053878234801182e+00,-8.576330963272761565e+00,-9.991549586874866051e+00
0.000000000000000000e+00,0.000000000000000000e+00,0.000000000000000000e+00,0.000000000000000000e+00,0.000000000000000000e+00,0.000000000000000000e+00
-6.590535377636898673e+00,-2.109428580236061723e+00,-6.549916178622976481e+00,-6.632049742786574775e+00,-7.543647583935685574e+00,-7.574301402409830963e+00
-6.478741226462958025e+00,-3.944562963662009203e+00,-6.620165734442074346e+00,-6.520957673350828543e+00,-6.613504323677805274e+00,-9.651552929971998651e+00
-5.318021541990219703e+00,-2.318802627569908292e+00,-5.355069983829849889e+00,-5.389145141685474982e+00,-6.500957377976518181e+00,-5.672618362885744503e+00
-6.942646000983333288e+00,-6.890859608562548644e+00,-3.366168489925823515e+00,-6.913466419978876232e+00,-9.913552251726665432e+00,-8.219343081431556897e+00
0.000000000000000000e+00,0.000000000000000000e+00,0.000000000000000000e+00,0.000000000000000000e+00,0.000000000000000000e+00,0.000000000000000000e+00
-1.096363228923852962e+00,8.936493863484649580e+00,-1.107900980496914212e+00,-1.144947307697935290e+00,-2.800148569396221809e+00,-2.898100000000000342e+00
-1.534158808521967288e+00,6.153531806450793340e+00,-1.465268078447239608e+00,-1.442028326758420187e+00,-3.484606575834449771e+00,-2.900003088533372519e+00
-9.038690268873793565e-01,9.670175661711862602e+00,-8.597301449788650185e-01,-9.678418357608782330e-01,-1.909899999999999931e+00,-2.059608705220602243e+00
-1.270447972224486799e+00,7.279392194442427133e+00,-6.658040342550747281e-01,-1.331584928336450702e+00,-1.899999999999999911e+00,-1.899999999999999911e+00
0.000000000000000000e+00,0.000000000000000000e+00,0.000000000000000000e+00,0.000000000000000000e+00,0.000000000000000000e+00,0.000000000000000000e+00
-7.191285715838078296e+00,-4.984771772522869959e+00,-7.223362876240864594e+00,-7.206135053530752899e+00,-9.994971501852042195e+00,-9.249703111704084435e+00
-4.864120306054063647e+00,-2.480520081148257505e-02,-4.927179599551792855e+00,-4.823736780570547111e+00,-7.514558613471277404e+00,-5.645816638028234635e+00
-6.382834966203016158e+00,-3.994867112998986780e+00,-6.271874104251550008e+00,-6.265357387278525536e+00,-7.661578776242050637e+00,-9.526984403288029313e+00
-7.263535682586626407e+00,-4.785349349186570400e+00,-7.389222339894007341e+00,-7.302889248037989667e+00,-8.636715541738057667e+00,-7.356804140504674017e+00
0.000000000000000000e+00,0.000000000000000000e+00,0.000000000000000000e+00,0.000000000000000000e+00,0.000000000000000000e+00,0.000000000000000000e+00
-6.997025175489629767e+00,-5.411635804208980716e+00,-7.231423293027017252e+00,-7.084262845998083868e+00,-8.182712529385682387e+00,-8.885283810472023092e+00
-5.685379883979639004e+00,-8.215947157389805744e-01,-5.321182825551042939e+00,-5.307057534593274006e+00,-7.083454093869780088e+00,-8.567817100362633553e+00
-5.040266373598532468e+00,-7.943943699175675111e-01,-4.568142245129082291e+00,-4.320280993935623925e+00,-4.865241159133774751e+00,-6.871251797478823420e+00
-7.546440214520306000e+00,-5.633992621416882507e+00,-7.634911506693123684e+00,-7.297890347169976089e+00,-9.074064597275768307e+00,-9.921704762993593718e+00
0.000000000000000000e+00,0.000000000000000000e+00,0.000000000000000000e+00,0.000000000000000000e+00,0.000000000000000000e+00,0.000000000000000000e+00
-6.942006398901785502e+00,-3.932218995241723469e+00,-6.861887265749606613e+00,-6.664742006283485232e+00,-7.952911777784374969e+00,-7.434198212251532212e+00
-6.344294396796594349e+00,-1.930643835749136006e+00,-6.328153072729779893e+00,-6.261024844359981856e+00,-7.287967662552147452e+00,-8.674494308262836739e+00
-4.861574273286513481e+00,1.705357812140748663e+00,-4.247085275531017778e+00,-4.978179993569474604e+00,-7.345748800780349086e+00,-7.952649167912057671e+00
-6.583932164043893920e+00,-1.042574104945759528e+00,-6.567620250222062417e+00,-6.297582906210114295e+00,-7.272961743773460164e+00,-6.644834875279600261e+00
0.000000000000000000e+00,0.000000000000000000e+00,0.000000000000000000e+00,0.000000000000000000e+00,0.000000000000000000e+00,0.000000000000000000e+00
-1.168323303300914828e+00,6.764467807623262274e+00,-1.245972759209377223e+00,3.583172756786818791e-01,-3.050010059700523524e+00,-3.740044675274980968e+00
-1.467896334047330997e+00,7.837425413777717509e+00,-1.511833773581723772e+00,-7.308591333521466948e-01,-1.899999999999999911e+00,-3.723091153947744036e+00
-1.202405756963851546e+00,-1.040131329534335292e+00,-1.017246039788066048e+00,4.333459574374206369e+00,-1.777834998519806309e+00,-1.970352997152982510e+00
-1.133845351525573086e+00,1.076869651172899189e+01,-1.258000008533338043e+00,-1.153511537963213485e+00,-1.708779807776357185e+00,-1.937584261000000030e+00
0.000000000000000000e+00,0.000000000000000000e+00,0.000000000000000000e+00,0.000000000000000000e+00,0.000000000000000000e+00,0.000000000000000000e+00
-8.304828947407719042e+00,-5.681672925754598147e+00,-8.477896549298881368e+00,-8.115453693056066342e+00,-1.013199501583403972e+01,-1.148276426729870536e+01
-6.112613919594202194e+00,-1.122726527113389494e+00,-5.919997923994290367e+00,-5.919682514586948940e+00,-6.472537673998161267e+00,-8.263405859935595288e+00
-7.409719452397336426e+00,-4.923638872644640507e+00,-7.285240878892405902e+00,-7.266646980370677689e+00,-8.413917102818086136e+00,-8.346724856640637569e+00
-6.308659141673584436e+00,-4.394977102344096664e+00,-6.568965679111740563e+00,-6.393055669204354530e+00,-8.970939843166096495e+00,-6.379619558700300175e+00
0.000000000000000000e+00,0.000000000000000000e+00,0.000000000000000000e+00,0.000000000000000000e+00,0.000000000000000000e+00,0.000000000000000000e+00
-6.081520557459574761e+00,-4.334936296846944259e+00,-6.058816559001649615e+00,-6.057822922014778122e+00,-7.563214964560735609e+00,-7.278929275433767998e+00
-4.355566246401684438e+00,-3.628554367097668987e+00,3.563271897577612313e-01,-4.082956617661888998e+00,-4.873468495449349014e+00,-5.668134436008950061e+00
-5.597268750560106199e+00,-1.767249239383541282e+00,-5.621344044002099416e+00,-5.580582259628920738e+00,-7.112858462961179740e+00,-7.215181333470887637e+00
-8.613195350238418868e+00,-6.345257662956332645e+00,-8.723654223838522626e+00,-8.815218527631497381e+00,-1.051382068968239381e+01,-1.277362450860768206e+01
0.000000000000000000e+00,0.000000000000000000e+00,0.000000000000000000e+00,0.000000000000000000e+00,0.000000000000000000e+00,0.000000000000000000e+00
-7.931556449671185227e+00,-4.867915626516390759e+00,-7.983418936143872990e+00,-7.792191885823387842e+00,-8.331822481049066198e+00,-9.461686905431790251e+00
3.096714418922137391e+00,-2.227532795777988017e+00,-4.006424836708875503e+00,-1.062738338446895803e+00,-6.870638258324454739e+00,-7.657591269187896010e+00
6.046312118777375844e+00,-3.184970486115249688e+00,-1.358561926223011529e+00,1.307462088535579214e-01,-5.295918310670889362e+00,-4.687987535762543345e+00
3.519893629542903746e+00,-2.718845701770749024e+00,-3.726075849820172259e+00,-2.171466673068613851e+00,-6.154863728725612049e+00,-7.642249220220739048e+00
0.000000000000000000e+00,0.000000000000000000e+00,0.000000000000000000e+00,0.000000000000000000e+00,0.000000000000000000e+00,0.000000000000000000e+00
2.023455111401466944e+00,8.405035182565884000e+00,-2.102068552545447666e+00,-2.125939680809904031e-01,-3.435402326199729739e+00,-4.027708946477044805e+00
9.126703995615434994e-01,1.158536375423108744e+01,2.241522523006675538e+00,3.766491191657105997e+00,-1.375337351462889490e+00,-4.703923144570718029e-02
9.409749271501929302e-01,1.002114910716647067e+01,-2.291546258081261556e+00,5.557965576260236462e-01,-4.428260999925242913e+00,-3.864955837159641305e+00
1.832301010648395589e+01,1.054951340975493679e+01,8.355186389229078969e+00,1.377368188309139541e+01,5.681679256818976675e+00,4.814853585823479776e+00
0.000000000000000000e+00,0.000000000000000000e+00,0.000000000000000000e+00,0.000000000000000000e+00,0.000000000000000000e+00,0.000000000000000000e+00
-8.669464391719715834e+00,-8.694442505419551992e+00,-8.809962437606813523e+00,-7.880218293637724081e+00,-1.122251919154395239e+01,-1.052116797917994973e+01
-6.252765442121377859e+00,-3.449835842114519657e+00,-6.171821417925515085e+00,-6.082186079035917459e+00,-7.379694267638235772e+00,-7.397665718628260834e+00
-7.569971911867597214e+00,-7.095232934345730769e+00,-7.513932596749137716e+00,-7.540471837984028092e+00,-9.283008798198864042e+00,-1.056453880423707758e+01
-6.235771587279148598e+00,-1.983499505995867995e+00,-6.394567554444130941e+00,-6.050340719432921510e+00,-1.032692024876788039e+01,-8.606529689947640449e+00
0.000000000000000000e+00,0.000000000000000000e+00,0.000000000000000000e+00,0.000000000000000000e+00,0.000000000000000000e+00,0.000000000000000000e+00
-6.175884608292688149e+00,-3.780852893702858708e+00,-6.216672509560084769e+00,-6.164283181433638070e+00,-8.092807948790149197e+00,-8.833991330693493182e+00
-4.108452260888964425e+00,2.222946934613503789e+00,-3.262106488858643072e+00,-4.045013195649111992e+00,-6.464547326356262502e+00,-5.778844285467602759e+00
-5.835644964016421632e+00,-2.662841790534678843e+00,-5.804782425010656333e+00,-5.771732149702587300e+00,-7.441975867768166886e+00,-7.433552230136057482e+00
-8.968503324450979974e+00,-8.941947414967128083e+00,-8.978804911621324436e+00,-8.387578839696008259e+00,-1.020161952780773795e+01,-1.029487762091157776e+01
0.000000000000000000e+00,0.000000000000000000e+00,0.000000000000000000e+00,0.000000000000000000e+00,0.000000000000000000e+00,0.000000000000000000e+00
-8.251634283497423894e+00,-8.146656270733350524e+00,-8.398615356736819137e+00,-7.195081335110947052e+00,-1.203583665784055512e+01,-1.058106341785299698e+01
-4.627889849218082219e+00,-4.417752544052332198e+00,-4.744477273988696453e+00,4.229123531892375887e-02,-7.565403788047058597e+00,-6.626014406904058518e+00
-2.284591178671144807e+00,-3.176525072297200492e+00,-2.642450743837574390e+00,4.054432354000494065e+00,-6.110119147913005477e+00,-4.734878963515761541e+00
-4.703809914174593154e-01,-4.525766642995056266e+00,-4.470138598142173514e+00,-3.651592542854610990e+00,-4.688113614707004828e+00,-7.647828208684957829e+00
0.000000000000000000e+00,0.000000000000000000e+00,0.000000000000000000e+00,0.000000000000000000e+00,0.000000000000000000e+00,0.000000000000000000e+00
-2.434108975579055478e+00,6.458351677256579659e-01,-2.495742239527179329e+00,-2.347506970277280391e+00,-4.675931667578103301e+00,-5.055224565261912772e+00
-7.171653258911161455e-01,1.050234249684173093e+01,-9.470362822679720960e-01,-7.765898043972583320e-01,-1.000000000000000000e+00,-2.778941187271125823e+00
-2.422119559530145683e+00,-2.470177336943506496e+00,-2.388745915153939858e+00,-3.529172298289965370e-01,-4.499813603534910555e+00,-3.804006977576035009e+00
-2.702080000000000037e-01,-4.760290000000000354e-01,8.014852487354683364e-01,1.377634180736851555e+01,-1.300185901320060955e+00,-1.575453837934933432e+00
0.000000000000000000e+00,0.000000000000000000e+00,0.000000000000000000e+00,0.000000000000000000e+00,0.000000000000000000e+00,0.000000000000000000e+00
-6.008030615160154575e+00,-4.440136590947849626e+00,-5.916219804670616256e+00,-6.013472413701959063e+00,-7.140348757962339477e+00,-6.661170357438721545e+00
-4.023152937754248093e+00,6.632299060100743660e-01,-4.078215301823856720e+00,-3.996947438886771842e+00,-4.800152110285288209e+00,-4.363985748583473878e+00
-5.983044166733106017e+00,-4.948802058069991183e+00,-5.962898105117561798e+00,-5.874513127882512009e+00,-6.521695837713031629e+00,-6.546876748145218805e+00
-9.331470717466268994e+00,-9.237474136670670077e+00,-9.293723339242244919e+00,-9.284377554622240680e+00,-1.087623534617751808e+01,-9.318078511757427407e+00
0.000000000000000000e+00,0.000000000000000000e+00,0.000000000000000000e+00,0.000000000000000000e+00,0.000000000000000000e+00,0.000000000000000000e+00
-8.734750774078399616e+00,-8.655608164776911195e+00,-8.673220917941428354e+00,-8.688722984304572350e+00,-8.937728171079340811e+00,-9.375697450713223802e+00
-7.013387161544028636e+00,-6.220040106689112669e+00,-7.033063981952248689e+00,-6.964765160455773874e+00,-8.206934287467284150e+00,-8.806516529344428079e+00
4.203184027913788867e+00,3.305810087011846754e-01,9.660808115368353377e-01,2.072280231194873146e+00,1.023466474623400302e+01,-1.841961235585063195e+00
-2.530937654833259387e+00,-3.113657054900986321e+00,-7.296886149011043710e-01,-1.869250184161790784e+00,2.319283031560946284e+00,-6.665093593461862476e+00
0.000000000000000000e+00,0.000000000000000000e+00,0.000000000000000000e+00,0.000000000000000000e+00,0.000000000000000000e+00,0.000000000000000000e+00
-5.736004728828907329e-01,-3.195180400336633753e+00,-5.885516350316388756e-01,-1.337275095135223912e+00,4.470622611518122014e+00,-6.416538403477050068e+00
-8.067874887397021411e+00,-7.032481206743440794e+00,-8.058149970131104567e+00,-8.201190712024054363e+00,-8.393989165695614929e+00,-9.796466949663821921e+00
-6.837313954691908613e+00,-6.132578116832394954e+00,-6.975494355202093821e+00,-6.961167674397040983e+00,-9.210100553526306300e+00,-7.284889583763940912e+00
-8.529140033817446565e+00,-8.212303553474061601e+00,-8.436872693528433942e+00,-8.400122524548429226e+00,-8.488907028859889792e+00,-8.321870018642066213e+00
0.000000000000000000e+00,0.000000000000000000e+00,0.000000000000000000e+00,0.000000000000000000e+00,0.000000000000000000e+00,0.000000000000000000e+00
4.418122376304918220e+00,1.285047704869032437e+01,4.383821541080151540e+00,4.266806283849465586e+00,-8.106780477824391262e-01,1.889591656400247954e+00
-2.205858259707842994e-01,3.634503730414658129e+00,-2.304688244636199368e-02,-5.743960931218723420e-01,-4.949842076158223136e+00,-2.636408237239789898e+00
1.776251433689585468e+01,1.240739044441399130e+01,1.697701152565623417e+01,1.645869655914896867e+01,7.742496281629748012e+00,1.999999999999998579e+01
5.283361699257842492e-01,6.157409596594219714e+00,-3.704703140831434038e-01,5.900700351758135787e-01,-4.884508133157957843e+00,-1.745418749244763479e+00
0.000000000000000000e+00,0.000000000000000000e+00,0.000000000000000000e+00,0.000000000000000000e+00,0.000000000000000000e+00,0.000000000000000000e+00
-7.210183183924155692e+00,-5.232371077161925399e+00,-7.281079336913173883e+00,-7.345878652212511462e+00,-8.267735694126020718e+00,-8.562816989116914357e+00
-4.903466159101284028e+00,-1.922734723822538516e+00,-4.760963189994487976e+00,-4.841264244927890203e+00,-5.657798641290173514e+00,-4.840038005930535014e+00
-6.646125774974192879e+00,-5.645995640864064136e+00,-6.610229365489111331e+00,-6.672805810842091567e+00,-9.144889891597452802e+00,-7.568148330022639314e+00
-8.076240362417680174e+00,-7.629380223967525687e+00,-7.949293223488474780e+00,-7.978252176195129053e+00,-9.506833073268357026e+00,-9.152399904873377068e+00
0.000000000000000000e+00,0.000000000000000000e+00,0.000000000000000000e+00,0.000000000000000000e+00,0.000000000000000000e+00,0.000000000000000000e+00
-7.688884865850365458e+00,-7.648853688234170001e+00,-7.647610585694530450e+00,-7.696895651791292536e+00,-9.209827078040669690e+00,-9.249079248077206827e+00
-5.930178566810662133e+00,-5.486706047278695486e+00,-5.897893742870136791e+00,-5.951375127443075286e+00,-7.333130858914550743e+00,-6.991504645059980483e+00
-5.049923089983789914e+00,-3.567822062431107444e+00,-4.974879159049293342e+00,-5.084710477355257829e+00,-8.987772520613441785e+00,-6.703569654693134261e+00
-7.666037449534155002e+00,-5.951615015280309784e+00,-7.658904864792526190e+00,-7.598681376033501245e+00,-8.466766767594984699e+00,-9.033958676788282460e+00
0.000000000000000000e+00,0.000000000000000000e+00,0.000000000000000000e+00,0.000000000000000000e+00,0.000000000000000000e+00,0.000000000000000000e+00
-7.130490074368405651e+00,-5.901247855708076528e+00,-7.107251691572126440e+00,-7.092759089413724460e+00,-7.868380823053939821e+00,-7.709076099451401376e+00
-7.040627258208068895e+00,-6.983312855713939449e+00,-5.992201604390020364e+00,-7.014120957962992620e+00,-1.033221982474876555e+01,-8.848174907784343901e+00
-5.429127741038437094e+00,-5.420924094958015971e+00,-4.086764106785507167e+00,-5.458633891061888121e+00,-5.600497705993747743e+00,-6.494200343025918976e+00
-7.388327947839916199e+00,-6.688476518341377464e+00,-7.522843837507100950e+00,-7.406590619152083832e+00,-9.408937428294553484e+00,-8.867835448567321421e+00
0.000000000000000000e+00,0.000000000000000000e+00,0.000000000000000000e+00,0.000000000000000000e+00,0.000000000000000000e+00,0.000000000000000000e+00
-1.238120949421812833e+00,-1.108290188228216566e+00,-1.193743342152354892e+00,-1.277867776961319812e+00,-2.787028777466384888e+00,-2.908532859763758083e+00
-1.432451383345199947e+00,-9.192227496039724333e-01,-1.448031029605395315e+00,-1.340808585746670056e+00,-2.908254188703124576e+00,-2.899080099999999938e+00
-9.509626301496832967e-01,-4.388462040880201087e-01,-1.007709583162196942e+00,-9.686280686962621678e-01,-1.909899999999999931e+00,-1.000000000000000000e+00
-1.237402063813232145e+00,-1.234599194392343335e+00,-1.176925262877231093e+00,-1.145118534210521677e+00,-2.013927235086270251e+00,-1.899999999999999911e+00
0.000000000000000000e+00,0.000000000000000000e+00,0.000000000000000000e+00,0.000000000000000000e+00,0.000000000000000000e+00,0.000000000000000000e+00
-7.921479341976050748e+00,-7.694706067735160637e+00,-7.660029897965443979e+00,-7.187800706669121631e+00,-8.395849763286030054e+00,-1.065681461767362848e+01
-5.062967206505682327e+00,-2.449143179512129453e+00,-5.101753427260787177e+00,-4.972142835160267005e+00,-6.198119005736179687e+00,-5.695113589599889892e+00
-6.761094096662018771e+00,-6.033439023846677074e+00,-6.644633831338492058e+00,-6.726974707827903188e+00,-8.300698302453129784e+00,-6.713997116279077026e+00
-7.785265069154296391e+00,-6.995661101088709088e+00,-7.903138040775479212e+00,-7.759242633592606353e+00,-9.996348333155200550e+00,-9.076041797157337498e+00
0.000000000000000000e+00,0.000000000000000000e+00,0.000000000000000000e+00,0.000000000000000000e+00,0.000000000000000000e+00,0.000000000000000000e+00
-7.526576736993539463e+00,-7.256772334070788588e+00,-7.561955840130000439e+00,-7.469461886906283432e+00,-8.393608969714119183e+00,-7.522501055613769694e+00
-5.985423118159719280e+00,-4.281961988403569563e+00,-5.776363711893775843e+00,-5.721094538484475578e+00,-8.087359612232159378e+00,-7.547472248631480696e+00
-5.279261055083523502e+00,-3.631310160658439035e+00,-5.259493260092516387e+00,-5.270798009642621018e+00,-6.551772467288201618e+00,-7.374846172472807382e+00
-7.980934778541028507e+00,-7.959926395467877391e+00,-7.964642986912399358e+00,-7.720616028094404726e+00,-8.762620867435519045e+00,-9.273058140766291757e+00
0.000000000000000000e+00,0.000000000000000000e+00,0.000000000000000000e+00,0.000000000000000000e+00,0.000000000000000000e+00,0.000000000000000000e+00
-7.340385907310094105e+00,-6.796472213632393178e+00,-7.325079682959036553e+00,-7.238999233887239981e+00,-7.368987526327847704e+00,-8.105814496842944195e+00
-6.654543710886389185e+00,-3.469964627858376893e+00,-6.841402224748271088e+00,-7.082247636330137652e+00,-8.503020986180018781e+00,-8.043486671076031769e+00
-4.954041481710798500e+00,-8.188358370763779703e-01,-5.116458448134806325e+00,-5.102748790388042188e+00,-8.631440349478463503e+00,-5.492219125727483053e+00
-6.921392526476983775e+00,-4.288191956646461911e+00,-7.034888920923852318e+00,-7.127723664683403904e+00,-1.005298611362318262e+01,-8.550883624463631705e+00
0.000000000000000000e+00,0.000000000000000000e+00,0.000000000000000000e+00,0.000000000000000000e+00,0.000000000000000000e+00,0.000000000000000000e+00
-1.262479095353158609e+00,-1.202317539930361390e+00,-1.248927984960089832e+00,-1.176037461550416330e+00,-2.898541900112486580e+00,-1.909899999999999931e+00
-1.358071140943822641e+00,-1.386062710402149900e+00,-1.510105577849024661e+00,-1.416641987373570277e+00,-3.717997344244414748e+00,-3.648302773492394291e+00
-1.231677829627167764e+00,-8.458945601611059795e-01,-1.054726553577047143e+00,-1.086761664974594588e+00,-2.901184006354982081e+00,-1.899999999999999911e+00
-1.243071366899035191e+00,-1.170914248433634119e+00,-1.237774814659204026e+00,-1.106634371009240558e+00,-1.960134812871760168e+00,-1.994553172682327347e+00
0.000000000000000000e+00,0.000000000000000000e+00,0.000000000000000000e+00,0.000000000000000000e+00,0.000000000000000000e+00,0.000000000000000000e+00
-8.731640421296656740e+00,-7.784213041100437991e+00,-8.600611446220286282e+00,-8.686306189153578217e+00,-1.005918182509761927e+01,-1.085499809940388616e+01
-6.238391333494642588e+00,-4.164888441555334886e+00,-6.180453480350701412e+00,-6.298057377888312658e+00,-1.008746129787940049e+01,-8.259693591520681721e+00
-7.730411522904046429e+00,-6.432941324373913083e+00,-7.589453086026700213e+00,-7.637673951642743653e+00,-8.537380457127904165e+00,-8.344831412159001260e+00
-7.256558147551187332e+00,-6.837730940794362944e+00,-7.003138038277751498e+00,-7.096759616868302700e+00,-8.883413924862743727e+00,-7.250955050399583435e+00
0.000000000000000000e+00,0.000000000000000000e+00,0.000000000000000000e+00,0.000000000000000000e+00,0.000000000000000000e+00,0.000000000000000000e+00
-6.558349865956348168e+00,-6.158138029831722982e+00,-6.482025849353793667e+00,-6.598877014654550344e+00,-8.973876138857109552e+00,-7.116884993292611483e+00
-4.735776977599178927e+00,-3.487667874843412452e+00,-4.454851034700808121e+00,-4.638106272474176173e+00,-5.922510078498944175e+00,-5.178664093027188997e+00
-5.934404139580673032e+00,-5.164107464878051168e+00,-5.901129362063829653e+00,-6.008169211624603712e+00,-6.318383146315007082e+00,-7.561752927454047146e+00
-9.140260259019548528e+00,-8.590841003703806322e+00,-9.190697025266786113e+00,-9.151390379450988988e+00,-9.448232478635256726e+00,-1.084856918781030366e+01
0.000000000000000000e+00,0.000000000000000000e+00,0.000000000000000000e+00,0.000000000000000000e+00,0.000000000000000000e+00,0.000000000000000000e+00
-8.264089929915044763e+00,-7.370194974669076693e+00,-8.361546984236985836e+00,-8.332880912769045523e+00,-9.545868249996578569e+00,-9.330368678904990887e+00
-7.593931456186834295e-01,-1.250677252440138609e+00,-2.951065168343787182e+00,-2.590592024910817748e-01,4.876177794207972482e+00,-5.909392783223011314e+00
9.826559617436212424e-01,-1.134404576215503280e+00,-4.706237725337261146e-01,2.365739977103933356e+00,7.553227084461325624e+00,-3.270482821081087010e+00
-1.716823505944095052e-01,-2.389142163723790624e+00,-1.185123317533556042e+00,-1.931859357603252780e+00,4.828392388990863537e+00,-5.237951157080028786e+00
0.000000000000000000e+00,0.000000000000000000e+00,0.000000000000000000e+00,0.000000000000000000e+00,0.000000000000000000e+00,0.000000000000000000e+00
7.439616663245980366e-01,6.469885446760231140e+00,-3.529730673494406723e+00,2.338966938351892955e-01,-5.276516276080661427e+00,-2.105678163002428604e+00
1.775572993685234469e+00,9.061895754820273652e+00,-1.327375724258100131e+00,2.905166232667609538e+00,-2.679722931275105857e+00,-6.527384277880191599e-01
-3.926369080396544531e-01,8.148995800020379932e+00,-2.909805556456168674e+00,-1.621344115215805015e+00,-4.209456504814514943e+00,-3.912398432966108786e-01
1.701139858979778197e+01,1.130536200879322095e+01,6.079039287231768895e+00,1.609464902586671897e+01,8.305906435560649115e+00,1.999999999999998579e+01
0.000000000000000000e+00,0.000000000000000000e+00,0.000000000000000000e+00,0.000000000000000000e+00,0.000000000000000000e+00,0.000000000000000000e+00
-9.093276105239015195e+00,-9.049163523524313746e+00,-9.057503330829545618e+00,-9.009213547209204975e+00,-1.110609445396734785e+01,-1.006955077654551189e+01
-6.518527650107236227e+00,-5.850955491058264180e+00,-6.654911787790825706e+00,-6.627765298495269519e+00,-9.130288288525848728e+00,-7.498359714069785298e+00
-7.896504002491506746e+00,-7.741829114261693512e+00,-7.856429261983242540e+00,-7.717003203779964515e+00,-9.291095554911898091e+00,-9.558726000116669397e+00
-6.462754712075392760e+00,-4.381328784270003496e+00,-6.453555950923126616e+00,-6.536356731005248832e+00,-9.711088793539413899e+00,-8.404933694975321501e+00
0.000000000000000000e+00,0.000000000000000000e+00,0.000000000000000000e+00,0.000000000000000000e+00,0.000000000000000000e+00,0.000000000000000000e+00
-6.842709023497631549e+00,-6.815725515458270323e+00,-6.894750940414534846e+00,-6.850742131203484853e+00,-7.581512843549102598e+00,-8.146147001621249828e+00
-4.494452374833132424e+00,-7.434075086579696734e-01,-4.565384734639571285e+00,-4.470502146084819550e+00,-6.195005335509424782e+00,-7.235134849597189444e+00
-6.233939691628923363e+00,-5.526383606702424345e+00,-6.283631931347259503e+00,-6.215381899335208793e+00,-7.447748239513520829e+00,-7.513403209345594469e+00
-9.425805342773113438e+00,-9.284531989207462033e+00,-9.293510270544542706e+00,-9.300472459324836905e+00,-1.101706236151437146e+01,-1.342087707528990315e+01
0.000000000000000000e+00,0.000000000000000000e+00,0.000000000000000000e+00,0.000000000000000000e+00,0.000000000000000000e+00,0.000000000000000000e+00
-8.663925499654821394e+00,-8.843961263669134709e+00,-8.632859000399104588e+00,-8.520693757147755676e+00,-1.025882013584222108e+01,-8.915129063465048631e+00
-4.263770857461864239e+00,-4.236567846138308724e+00,-4.281271504404857708e+00,1.164413563049571554e+00,-4.672284732315105771e+00,-6.779005669513991528e+00
-2.837862990299480526e+00,-2.179938804125701513e+00,-2.806589226098463286e+00,5.214210262799952034e+00,-4.524447336697525301e+00,-4.492075077751492174e+00
-4.225827707377445286e+00,-4.039063117097335898e+00,-4.082522831265406715e+00,3.235630259921233431e+00,-4.708323002184926054e+00,-4.722870798285871530e+00
0.000000000000000000e+00,0.000000000000000000e+00,0.000000000000000000e+00,0.000000000000000000e+00,0.000000000000000000e+00,0.000000000000000000e+00
-3.000174018015415278e+00,-2.844190448805883342e+00,-3.098582256184339023e+00,-8.301690766051348369e-01,-5.198583586340001617e+00,-5.477767392559045767e+00
-1.299684674027575815e+00,1.846506911962148667e+00,-1.242255051013854805e+00,-7.965790978409592604e-02,-2.770357295032729983e+00,-1.948894001190100145e+00
-2.779725298524647670e+00,-2.833288701257335340e+00,-2.854356805326976332e+00,-2.171801222148416199e-01,-2.719899999999999984e+00,-3.735176140933740729e+00
-1.999000000000000221e-01,4.106334690252203545e-01,-3.806101900000000149e-01,1.470561070478910892e+01,-8.862747384435852860e-01,-1.535254538139304126e+00
